t,cp,k
0,51,-0.497
1,51,-0.507
2,51,-0.506
3,51,-0.506
4,51,-0.516
5,51,-0.521
6,51,-0.523
7,51,-0.522
8,51,-0.518
9,51,-0.519
10,51,-0.524
11,51,-0.509
12,51,-0.505
13,51,-0.51
14,51,-0.51
15,51,-0.5
16,51,-0.503
17,51,-0.504
18,51,-0.505
19,51,-0.505
20,51,-0.498
21,51,-0.497
22,51,-0.504
23,51,-0.495
24,51,-0.489
25,51,-0.493
26,51,-0.502
27,51,-0.5
28,51,-0.501
29,51,-0.504
30,51,-0.508
31,51,-0.501
32,51,-0.504
33,51,-0.495
34,51,-0.504
35,51,-0.506
36,51,-0.506
37,51,-0.513
38,51,-0.517
39,51,-0.514
40,51,-0.515
41,51,-0.514
42,51,-0.516
43,51,-0.516
44,51,-0.506
45,51,-0.512
46,51,-0.502
47,51,-0.498
48,51,-0.496
49,51,-0.487
50,51,-0.481
51,51,-0.486
52,51,-0.49
53,51,-0.503
54,51,-0.502
55,51,-0.497
56,51,-0.505
57,51,-0.512
58,51,-0.518
59,51,-0.516
60,51,-0.507
61,51,-0.512
62,51,-0.521
63,51,-0.517
64,51,-0.508
65,51,-0.501
66,51,-0.49
67,51,-0.501
68,51,-0.498
69,51,-0.503
70,51,-0.507
71,51,-0.519
72,51,-0.516
73,51,-0.526
74,51,-0.513
75,51,-0.518
76,51,-0.507
77,51,-0.499
78,51,-0.491
79,51,-0.501
80,51,-0.499
81,51,-0.5
82,51,-0.491
83,51,-0.494
84,51,-0.491
85,51,-0.492
86,51,-0.482
87,51,-0.484
88,51,-0.49
89,51,-0.492
90,51,-0.489
91,51,-0.502
92,51,-0.491
93,51,-0.492
94,51,-0.496
95,51,-0.504
96,51,-0.51
97,51,-0.504
98,51,-0.501
99,51,-0.508
100,51,-0.516
101,51,-0.508
102,51,-0.5
103,51,-0.503
104,51,-0.503
105,51,-0.498
106,51,-0.49
107,51,-0.475
108,51,-0.471
109,51,-0.473
110,51,-0.47
111,51,-0.48
112,51,-0.484
113,51,-0.497
114,51,-0.489
115,51,-0.496
116,51,-0.487
117,51,-0.482
118,51,-0.468
119,51,-0.465
120,51,-0.452
121,51,-0.458
122,51,-0.432
123,51,-0.432
124,51,-0.425
125,51,-0.436
126,51,-0.435
127,51,-0.45
128,51,-0.452
129,51,-0.459
130,51,-0.461
131,51,-0.46
132,51,-0.457
133,51,-0.46
134,51,-0.441
135,51,-0.444
136,51,-0.466
137,51,-0.468
138,51,-0.5
139,51,-0.509
140,51,-0.504
141,51,-0.502
142,51,-0.512
143,51,-0.499
144,51,-0.515
145,51,-0.512
146,51,-0.505
147,51,-0.51
148,51,-0.524
149,51,-0.524
150,51,-0.5
151,51,-0.489
152,51,-0.445
153,51,-0.446
154,51,-0.431
155,51,-0.444
156,51,-0.434
157,51,-0.474
158,51,-0.476
159,51,-0.504
160,51,-0.505
161,51,-0.517
162,51,-0.535
163,51,-0.567
164,51,-0.558
165,51,-0.558
166,51,-0.559
167,51,-0.546
168,51,-0.569
169,51,-0.52
170,51,-0.479
171,51,-0.524
172,51,-0.499
173,51,-0.49
174,51,-0.503
175,51,-0.502
176,51,-0.51
177,51,-0.515
178,51,-0.453
179,51,-0.41
180,51,-0.42
181,51,-0.473
182,51,-0.439
183,51,-0.439
184,51,-0.448
185,51,-0.427
186,51,-0.535
187,51,-0.585
188,51,-0.431
189,51,-0.485
190,51,-0.564
191,51,-0.587
192,51,-0.6
193,51,-0.419
194,51,-0.659
0,52,-0.518
1,52,-0.528
2,52,-0.527
3,52,-0.528
4,52,-0.531
5,52,-0.52
6,52,-0.519
7,52,-0.517
8,52,-0.508
9,52,-0.51
10,52,-0.518
11,52,-0.512
12,52,-0.519
13,52,-0.521
14,52,-0.525
15,52,-0.518
16,52,-0.511
17,52,-0.499
18,52,-0.504
19,52,-0.502
20,52,-0.496
21,52,-0.483
22,52,-0.486
23,52,-0.481
24,52,-0.481
25,52,-0.473
26,52,-0.474
27,52,-0.478
28,52,-0.493
29,52,-0.496
30,52,-0.497
31,52,-0.493
32,52,-0.5
33,52,-0.495
34,52,-0.502
35,52,-0.494
36,52,-0.503
37,52,-0.519
38,52,-0.525
39,52,-0.526
40,52,-0.534
41,52,-0.52
42,52,-0.523
43,52,-0.521
44,52,-0.508
45,52,-0.508
46,52,-0.492
47,52,-0.481
48,52,-0.492
49,52,-0.483
50,52,-0.473
51,52,-0.474
52,52,-0.472
53,52,-0.485
54,52,-0.487
55,52,-0.481
56,52,-0.491
57,52,-0.5
58,52,-0.518
59,52,-0.515
60,52,-0.514
61,52,-0.514
62,52,-0.525
63,52,-0.521
64,52,-0.503
65,52,-0.482
66,52,-0.48
67,52,-0.486
68,52,-0.488
69,52,-0.486
70,52,-0.493
71,52,-0.515
72,52,-0.513
73,52,-0.514
74,52,-0.495
75,52,-0.493
76,52,-0.485
77,52,-0.478
78,52,-0.47
79,52,-0.482
80,52,-0.494
81,52,-0.493
82,52,-0.488
83,52,-0.484
84,52,-0.481
85,52,-0.481
86,52,-0.467
87,52,-0.464
88,52,-0.482
89,52,-0.488
90,52,-0.491
91,52,-0.504
92,52,-0.492
93,52,-0.496
94,52,-0.486
95,52,-0.486
96,52,-0.479
97,52,-0.475
98,52,-0.468
99,52,-0.482
100,52,-0.491
101,52,-0.483
102,52,-0.477
103,52,-0.502
104,52,-0.497
105,52,-0.495
106,52,-0.493
107,52,-0.478
108,52,-0.488
109,52,-0.485
110,52,-0.471
111,52,-0.478
112,52,-0.484
113,52,-0.497
114,52,-0.489
115,52,-0.489
116,52,-0.488
117,52,-0.478
118,52,-0.467
119,52,-0.468
120,52,-0.445
121,52,-0.445
122,52,-0.429
123,52,-0.41
124,52,-0.399
125,52,-0.406
126,52,-0.409
127,52,-0.427
128,52,-0.437
129,52,-0.443
130,52,-0.454
131,52,-0.47
132,52,-0.477
133,52,-0.452
134,52,-0.434
135,52,-0.442
136,52,-0.459
137,52,-0.478
138,52,-0.487
139,52,-0.493
140,52,-0.494
141,52,-0.493
142,52,-0.487
143,52,-0.483
144,52,-0.49
145,52,-0.495
146,52,-0.482
147,52,-0.484
148,52,-0.47
149,52,-0.483
150,52,-0.437
151,52,-0.416
152,52,-0.385
153,52,-0.393
154,52,-0.408
155,52,-0.437
156,52,-0.417
157,52,-0.475
158,52,-0.52
159,52,-0.547
160,52,-0.537
161,52,-0.538
162,52,-0.558
163,52,-0.59
164,52,-0.552
165,52,-0.497
166,52,-0.479
167,52,-0.474
168,52,-0.47
169,52,-0.428
170,52,-0.403
171,52,-0.464
172,52,-0.459
173,52,-0.463
174,52,-0.48
175,52,-0.484
176,52,-0.511
177,52,-0.502
178,52,-0.476
179,52,-0.431
180,52,-0.429
181,52,-0.442
182,52,-0.402
183,52,-0.345
184,52,-0.399
185,52,-0.382
186,52,-0.51
187,52,-0.542
188,52,-0.451
189,52,-0.507
190,52,-0.586
191,52,-0.423
192,52,-0.402
193,52,-0.27
194,52,-0.423
0,53,-0.519
1,53,-0.526
2,53,-0.529
3,53,-0.527
4,53,-0.516
5,53,-0.506
6,53,-0.508
7,53,-0.514
8,53,-0.506
9,53,-0.504
10,53,-0.509
11,53,-0.511
12,53,-0.514
13,53,-0.523
14,53,-0.529
15,53,-0.53
16,53,-0.526
17,53,-0.519
18,53,-0.525
19,53,-0.526
20,53,-0.508
21,53,-0.49
22,53,-0.488
23,53,-0.486
24,53,-0.485
25,53,-0.475
26,53,-0.472
27,53,-0.474
28,53,-0.492
29,53,-0.486
30,53,-0.491
31,53,-0.482
32,53,-0.48
33,53,-0.475
34,53,-0.491
35,53,-0.478
36,53,-0.49
37,53,-0.501
38,53,-0.514
39,53,-0.529
40,53,-0.535
41,53,-0.512
42,53,-0.524
43,53,-0.524
44,53,-0.509
45,53,-0.507
46,53,-0.484
47,53,-0.478
48,53,-0.481
49,53,-0.467
50,53,-0.458
51,53,-0.456
52,53,-0.451
53,53,-0.462
54,53,-0.466
55,53,-0.473
56,53,-0.488
57,53,-0.5
58,53,-0.516
59,53,-0.517
60,53,-0.517
61,53,-0.509
62,53,-0.513
63,53,-0.501
64,53,-0.477
65,53,-0.461
66,53,-0.458
67,53,-0.458
68,53,-0.465
69,53,-0.469
70,53,-0.485
71,53,-0.498
72,53,-0.502
73,53,-0.507
74,53,-0.485
75,53,-0.484
76,53,-0.478
77,53,-0.466
78,53,-0.466
79,53,-0.463
80,53,-0.473
81,53,-0.482
82,53,-0.478
83,53,-0.478
84,53,-0.472
85,53,-0.471
86,53,-0.47
87,53,-0.463
88,53,-0.477
89,53,-0.476
90,53,-0.481
91,53,-0.486
92,53,-0.48
93,53,-0.472
94,53,-0.474
95,53,-0.478
96,53,-0.472
97,53,-0.454
98,53,-0.448
99,53,-0.454
100,53,-0.46
101,53,-0.437
102,53,-0.424
103,53,-0.456
104,53,-0.465
105,53,-0.462
106,53,-0.47
107,53,-0.473
108,53,-0.488
109,53,-0.486
110,53,-0.48
111,53,-0.48
112,53,-0.489
113,53,-0.5
114,53,-0.479
115,53,-0.473
116,53,-0.472
117,53,-0.449
118,53,-0.429
119,53,-0.437
120,53,-0.407
121,53,-0.415
122,53,-0.4
123,53,-0.388
124,53,-0.383
125,53,-0.396
126,53,-0.39
127,53,-0.414
128,53,-0.431
129,53,-0.446
130,53,-0.456
131,53,-0.47
132,53,-0.488
133,53,-0.473
134,53,-0.44
135,53,-0.444
136,53,-0.456
137,53,-0.459
138,53,-0.458
139,53,-0.452
140,53,-0.429
141,53,-0.429
142,53,-0.404
143,53,-0.401
144,53,-0.414
145,53,-0.428
146,53,-0.419
147,53,-0.447
148,53,-0.455
149,53,-0.475
150,53,-0.44
151,53,-0.424
152,53,-0.378
153,53,-0.399
154,53,-0.4
155,53,-0.396
156,53,-0.379
157,53,-0.412
158,53,-0.451
159,53,-0.5
160,53,-0.482
161,53,-0.486
162,53,-0.517
163,53,-0.56
164,53,-0.534
165,53,-0.473
166,53,-0.429
167,53,-0.423
168,53,-0.423
169,53,-0.382
170,53,-0.356
171,53,-0.43
172,53,-0.441
173,53,-0.447
174,53,-0.444
175,53,-0.448
176,53,-0.472
177,53,-0.457
178,53,-0.389
179,53,-0.364
180,53,-0.39
181,53,-0.461
182,53,-0.444
183,53,-0.426
184,53,-0.519
185,53,-0.525
186,53,-0.677
187,53,-0.71
188,53,-0.618
189,53,-0.668
190,53,-0.748
191,53,-0.501
192,53,-0.496
193,53,-0.317
194,53,-0.46
0,54,-0.496
1,54,-0.496
2,54,-0.503
3,54,-0.499
4,54,-0.496
5,54,-0.484
6,54,-0.484
7,54,-0.48
8,54,-0.482
9,54,-0.478
10,54,-0.477
11,54,-0.481
12,54,-0.488
13,54,-0.492
14,54,-0.504
15,54,-0.5
16,54,-0.488
17,54,-0.487
18,54,-0.49
19,54,-0.484
20,54,-0.478
21,54,-0.461
22,54,-0.459
23,54,-0.461
24,54,-0.455
25,54,-0.445
26,54,-0.444
27,54,-0.441
28,54,-0.456
29,54,-0.451
30,54,-0.461
31,54,-0.461
32,54,-0.459
33,54,-0.464
34,54,-0.474
35,54,-0.465
36,54,-0.483
37,54,-0.487
38,54,-0.496
39,54,-0.512
40,54,-0.504
41,54,-0.49
42,54,-0.491
43,54,-0.481
44,54,-0.48
45,54,-0.483
46,54,-0.468
47,54,-0.466
48,54,-0.465
49,54,-0.457
50,54,-0.451
51,54,-0.43
52,54,-0.421
53,54,-0.423
54,54,-0.435
55,54,-0.448
56,54,-0.468
57,54,-0.48
58,54,-0.5
59,54,-0.503
60,54,-0.498
61,54,-0.481
62,54,-0.476
63,54,-0.458
64,54,-0.434
65,54,-0.414
66,54,-0.401
67,54,-0.399
68,54,-0.409
69,54,-0.407
70,54,-0.423
71,54,-0.437
72,54,-0.445
73,54,-0.451
74,54,-0.429
75,54,-0.417
76,54,-0.427
77,54,-0.419
78,54,-0.421
79,54,-0.421
80,54,-0.431
81,54,-0.453
82,54,-0.46
83,54,-0.458
84,54,-0.46
85,54,-0.453
86,54,-0.455
87,54,-0.449
88,54,-0.458
89,54,-0.455
90,54,-0.448
91,54,-0.443
92,54,-0.433
93,54,-0.423
94,54,-0.428
95,54,-0.426
96,54,-0.417
97,54,-0.408
98,54,-0.407
99,54,-0.422
100,54,-0.434
101,54,-0.42
102,54,-0.418
103,54,-0.452
104,54,-0.452
105,54,-0.453
106,54,-0.453
107,54,-0.457
108,54,-0.474
109,54,-0.457
110,54,-0.445
111,54,-0.455
112,54,-0.463
113,54,-0.481
114,54,-0.454
115,54,-0.438
116,54,-0.443
117,54,-0.427
118,54,-0.399
119,54,-0.393
120,54,-0.372
121,54,-0.387
122,54,-0.374
123,54,-0.365
124,54,-0.375
125,54,-0.408
126,54,-0.411
127,54,-0.418
128,54,-0.43
129,54,-0.454
130,54,-0.479
131,54,-0.479
132,54,-0.488
133,54,-0.486
134,54,-0.462
135,54,-0.464
136,54,-0.466
137,54,-0.454
138,54,-0.452
139,54,-0.426
140,54,-0.389
141,54,-0.396
142,54,-0.371
143,54,-0.379
144,54,-0.417
145,54,-0.42
146,54,-0.426
147,54,-0.453
148,54,-0.464
149,54,-0.49
150,54,-0.451
151,54,-0.414
152,54,-0.377
153,54,-0.377
154,54,-0.371
155,54,-0.347
156,54,-0.324
157,54,-0.361
158,54,-0.386
159,54,-0.432
160,54,-0.418
161,54,-0.425
162,54,-0.456
163,54,-0.474
164,54,-0.444
165,54,-0.407
166,54,-0.362
167,54,-0.351
168,54,-0.379
169,54,-0.34
170,54,-0.356
171,54,-0.415
172,54,-0.38
173,54,-0.392
174,54,-0.42
175,54,-0.365
176,54,-0.406
177,54,-0.374
178,54,-0.358
179,54,-0.419
180,54,-0.482
181,54,-0.536
182,54,-0.587
183,54,-0.587
184,54,-0.621
185,54,-0.601
186,54,-0.653
187,54,-0.693
188,54,-0.587
189,54,-0.659
190,54,-0.638
191,54,-0.656
192,54,-0.663
193,54,-0.67
194,54,-0.68
195,54,-1.02
0,55,-0.499
1,55,-0.501
2,55,-0.508
3,55,-0.504
4,55,-0.506
5,55,-0.498
6,55,-0.496
7,55,-0.49
8,55,-0.485
9,55,-0.48
10,55,-0.474
11,55,-0.473
12,55,-0.487
13,55,-0.485
14,55,-0.496
15,55,-0.498
16,55,-0.486
17,55,-0.49
18,55,-0.489
19,55,-0.474
20,55,-0.468
21,55,-0.456
22,55,-0.453
23,55,-0.462
24,55,-0.462
25,55,-0.457
26,55,-0.448
27,55,-0.452
28,55,-0.459
29,55,-0.453
30,55,-0.45
31,55,-0.448
32,55,-0.445
33,55,-0.461
34,55,-0.467
35,55,-0.463
36,55,-0.472
37,55,-0.47
38,55,-0.472
39,55,-0.49
40,55,-0.481
41,55,-0.461
42,55,-0.456
43,55,-0.45
44,55,-0.454
45,55,-0.461
46,55,-0.449
47,55,-0.442
48,55,-0.449
49,55,-0.442
50,55,-0.444
51,55,-0.434
52,55,-0.421
53,55,-0.423
54,55,-0.437
55,55,-0.447
56,55,-0.462
57,55,-0.468
58,55,-0.475
59,55,-0.473
60,55,-0.456
61,55,-0.445
62,55,-0.431
63,55,-0.419
64,55,-0.397
65,55,-0.376
66,55,-0.362
67,55,-0.365
68,55,-0.364
69,55,-0.371
70,55,-0.385
71,55,-0.394
72,55,-0.402
73,55,-0.408
74,55,-0.398
75,55,-0.399
76,55,-0.408
77,55,-0.404
78,55,-0.421
79,55,-0.431
80,55,-0.446
81,55,-0.463
82,55,-0.464
83,55,-0.462
84,55,-0.468
85,55,-0.461
86,55,-0.466
87,55,-0.459
88,55,-0.463
89,55,-0.456
90,55,-0.451
91,55,-0.444
92,55,-0.427
93,55,-0.416
94,55,-0.421
95,55,-0.426
96,55,-0.423
97,55,-0.411
98,55,-0.407
99,55,-0.42
100,55,-0.425
101,55,-0.424
102,55,-0.415
103,55,-0.434
104,55,-0.433
105,55,-0.426
106,55,-0.424
107,55,-0.437
108,55,-0.433
109,55,-0.415
110,55,-0.412
111,55,-0.426
112,55,-0.444
113,55,-0.449
114,55,-0.422
115,55,-0.42
116,55,-0.433
117,55,-0.42
118,55,-0.401
119,55,-0.396
120,55,-0.39
121,55,-0.394
122,55,-0.383
123,55,-0.378
124,55,-0.398
125,55,-0.432
126,55,-0.444
127,55,-0.44
128,55,-0.451
129,55,-0.472
130,55,-0.493
131,55,-0.485
132,55,-0.484
133,55,-0.461
134,55,-0.458
135,55,-0.466
136,55,-0.455
137,55,-0.429
138,55,-0.415
139,55,-0.387
140,55,-0.356
141,55,-0.358
142,55,-0.333
143,55,-0.339
144,55,-0.372
145,55,-0.37
146,55,-0.379
147,55,-0.416
148,55,-0.427
149,55,-0.465
150,55,-0.458
151,55,-0.426
152,55,-0.396
153,55,-0.378
154,55,-0.368
155,55,-0.341
156,55,-0.302
157,55,-0.331
158,55,-0.37
159,55,-0.417
160,55,-0.438
161,55,-0.458
162,55,-0.489
163,55,-0.494
164,55,-0.457
165,55,-0.428
166,55,-0.406
167,55,-0.398
168,55,-0.411
169,55,-0.398
170,55,-0.459
171,55,-0.504
172,55,-0.469
173,55,-0.472
174,55,-0.476
175,55,-0.412
176,55,-0.441
177,55,-0.319
178,55,-0.324
179,55,-0.372
180,55,-0.396
181,55,-0.444
182,55,-0.463
183,55,-0.43
184,55,-0.549
185,55,-0.551
186,55,-0.593
187,55,-0.674
188,55,-0.529
189,55,-0.577
190,55,-0.611
191,55,-0.547
192,55,-0.534
193,55,-0.45
194,55,-0.504
0,56,-0.506
1,56,-0.507
2,56,-0.511
3,56,-0.51
4,56,-0.506
5,56,-0.502
6,56,-0.491
7,56,-0.483
8,56,-0.472
9,56,-0.466
10,56,-0.459
11,56,-0.462
12,56,-0.475
13,56,-0.478
14,56,-0.49
15,56,-0.5
16,56,-0.487
17,56,-0.49
18,56,-0.491
19,56,-0.473
20,56,-0.466
21,56,-0.456
22,56,-0.448
23,56,-0.462
24,56,-0.459
25,56,-0.447
26,56,-0.439
27,56,-0.44
28,56,-0.439
29,56,-0.437
30,56,-0.431
31,56,-0.426
32,56,-0.422
33,56,-0.432
34,56,-0.437
35,56,-0.44
36,56,-0.44
37,56,-0.428
38,56,-0.434
39,56,-0.451
40,56,-0.443
41,56,-0.424
42,56,-0.41
43,56,-0.411
44,56,-0.417
45,56,-0.412
46,56,-0.406
47,56,-0.404
48,56,-0.408
49,56,-0.406
50,56,-0.406
51,56,-0.413
52,56,-0.403
53,56,-0.398
54,56,-0.411
55,56,-0.421
56,56,-0.429
57,56,-0.42
58,56,-0.411
59,56,-0.414
60,56,-0.403
61,56,-0.391
62,56,-0.383
63,56,-0.379
64,56,-0.371
65,56,-0.36
66,56,-0.351
67,56,-0.347
68,56,-0.347
69,56,-0.353
70,56,-0.367
71,56,-0.371
72,56,-0.378
73,56,-0.381
74,56,-0.373
75,56,-0.366
76,56,-0.379
77,56,-0.38
78,56,-0.403
79,56,-0.411
80,56,-0.431
81,56,-0.448
82,56,-0.465
83,56,-0.47
84,56,-0.482
85,56,-0.476
86,56,-0.485
87,56,-0.473
88,56,-0.474
89,56,-0.465
90,56,-0.444
91,56,-0.424
92,56,-0.406
93,56,-0.391
94,56,-0.396
95,56,-0.397
96,56,-0.396
97,56,-0.394
98,56,-0.406
99,56,-0.419
100,56,-0.426
101,56,-0.429
102,56,-0.437
103,56,-0.456
104,56,-0.455
105,56,-0.438
106,56,-0.438
107,56,-0.447
108,56,-0.433
109,56,-0.407
110,56,-0.386
111,56,-0.39
112,56,-0.395
113,56,-0.393
114,56,-0.374
115,56,-0.389
116,56,-0.41
117,56,-0.415
118,56,-0.405
119,56,-0.407
120,56,-0.401
121,56,-0.398
122,56,-0.382
123,56,-0.372
124,56,-0.389
125,56,-0.423
126,56,-0.439
127,56,-0.435
128,56,-0.461
129,56,-0.474
130,56,-0.482
131,56,-0.47
132,56,-0.46
133,56,-0.438
134,56,-0.446
135,56,-0.437
136,56,-0.433
137,56,-0.415
138,56,-0.392
139,56,-0.365
140,56,-0.34
141,56,-0.344
142,56,-0.33
143,56,-0.347
144,56,-0.377
145,56,-0.388
146,56,-0.393
147,56,-0.425
148,56,-0.409
149,56,-0.429
150,56,-0.421
151,56,-0.382
152,56,-0.378
153,56,-0.354
154,56,-0.351
155,56,-0.352
156,56,-0.317
157,56,-0.316
158,56,-0.385
159,56,-0.385
160,56,-0.423
161,56,-0.438
162,56,-0.454
163,56,-0.44
164,56,-0.442
165,56,-0.402
166,56,-0.397
167,56,-0.369
168,56,-0.378
169,56,-0.373
170,56,-0.424
171,56,-0.379
172,56,-0.336
173,56,-0.337
174,56,-0.343
175,56,-0.296
176,56,-0.293
177,56,-0.221
178,56,-0.273
179,56,-0.321
180,56,-0.355
181,56,-0.373
182,56,-0.375
183,56,-0.352
184,56,-0.445
185,56,-0.416
186,56,-0.386
187,56,-0.367
188,56,-0.359
189,56,-0.336
190,56,-0.309
191,56,-0.091
192,56,-0.145
193,56,-0.145
194,56,-0.091
0,56,-0.495
1,56,-0.502
2,56,-0.505
3,56,-0.501
4,56,-0.5
5,56,-0.498
6,56,-0.49
7,56,-0.483
8,56,-0.472
9,56,-0.463
10,56,-0.453
11,56,-0.453
12,56,-0.47
13,56,-0.479
14,56,-0.484
15,56,-0.492
16,56,-0.488
17,56,-0.503
18,56,-0.502
19,56,-0.48
20,56,-0.469
21,56,-0.463
22,56,-0.458
23,56,-0.465
24,56,-0.457
25,56,-0.45
26,56,-0.45
27,56,-0.451
28,56,-0.438
29,56,-0.436
30,56,-0.427
31,56,-0.428
32,56,-0.423
33,56,-0.427
34,56,-0.43
35,56,-0.445
36,56,-0.437
37,56,-0.43
38,56,-0.431
39,56,-0.439
40,56,-0.435
41,56,-0.43
42,56,-0.416
43,56,-0.418
44,56,-0.418
45,56,-0.406
46,56,-0.402
47,56,-0.396
48,56,-0.381
49,56,-0.374
50,56,-0.377
51,56,-0.39
52,56,-0.394
53,56,-0.397
54,56,-0.413
55,56,-0.435
56,56,-0.447
57,56,-0.438
58,56,-0.414
59,56,-0.414
60,56,-0.408
61,56,-0.394
62,56,-0.375
63,56,-0.359
64,56,-0.355
65,56,-0.351
66,56,-0.334
67,56,-0.322
68,56,-0.324
69,56,-0.341
70,56,-0.366
71,56,-0.359
72,56,-0.368
73,56,-0.377
74,56,-0.373
75,56,-0.363
76,56,-0.365
77,56,-0.36
78,56,-0.394
79,56,-0.408
80,56,-0.425
81,56,-0.437
82,56,-0.458
83,56,-0.468
84,56,-0.484
85,56,-0.477
86,56,-0.485
87,56,-0.469
88,56,-0.479
89,56,-0.473
90,56,-0.447
91,56,-0.42
92,56,-0.406
93,56,-0.389
94,56,-0.395
95,56,-0.385
96,56,-0.393
97,56,-0.399
98,56,-0.409
99,56,-0.413
100,56,-0.417
101,56,-0.426
102,56,-0.43
103,56,-0.431
104,56,-0.42
105,56,-0.408
106,56,-0.398
107,56,-0.405
108,56,-0.377
109,56,-0.373
110,56,-0.353
111,56,-0.371
112,56,-0.376
113,56,-0.384
114,56,-0.377
115,56,-0.398
116,56,-0.403
117,56,-0.413
118,56,-0.397
119,56,-0.389
120,56,-0.387
121,56,-0.386
122,56,-0.373
123,56,-0.379
124,56,-0.388
125,56,-0.413
126,56,-0.446
127,56,-0.443
128,56,-0.447
129,56,-0.446
130,56,-0.432
131,56,-0.42
132,56,-0.415
133,56,-0.398
134,56,-0.407
135,56,-0.415
136,56,-0.427
137,56,-0.422
138,56,-0.412
139,56,-0.381
140,56,-0.337
141,56,-0.313
142,56,-0.291
143,56,-0.303
144,56,-0.325
145,56,-0.33
146,56,-0.334
147,56,-0.37
148,56,-0.383
149,56,-0.4
150,56,-0.391
151,56,-0.358
152,56,-0.327
153,56,-0.312
154,56,-0.286
155,56,-0.287
156,56,-0.261
157,56,-0.248
158,56,-0.265
159,56,-0.289
160,56,-0.329
161,56,-0.369
162,56,-0.355
163,56,-0.337
164,56,-0.377
165,56,-0.382
166,56,-0.363
167,56,-0.351
168,56,-0.366
169,56,-0.395
170,56,-0.456
171,56,-0.362
172,56,-0.291
173,56,-0.294
174,56,-0.248
175,56,-0.197
176,56,-0.131
177,56,-0.032
178,56,-0.07
179,56,-0.137
180,56,-0.195
181,56,-0.279
182,56,-0.318
183,56,-0.384
184,56,-0.516
185,56,-0.492
186,56,-0.398
187,56,-0.346
188,56,-0.31
189,56,-0.279
190,56,-0.217
191,56,-0.143
192,56,-0.197
193,56,-0.425
194,56,-0.455
0,57,-0.516
1,57,-0.517
2,57,-0.516
3,57,-0.513
4,57,-0.521
5,57,-0.514
6,57,-0.504
7,57,-0.488
8,57,-0.484
9,57,-0.475
10,57,-0.469
11,57,-0.463
12,57,-0.481
13,57,-0.481
14,57,-0.492
15,57,-0.491
16,57,-0.494
17,57,-0.5
18,57,-0.496
19,57,-0.478
20,57,-0.473
21,57,-0.462
22,57,-0.462
23,57,-0.463
24,57,-0.455
25,57,-0.454
26,57,-0.441
27,57,-0.437
28,57,-0.419
29,57,-0.413
30,57,-0.402
31,57,-0.407
32,57,-0.41
33,57,-0.425
34,57,-0.429
35,57,-0.449
36,57,-0.437
37,57,-0.43
38,57,-0.423
39,57,-0.413
40,57,-0.402
41,57,-0.394
42,57,-0.375
43,57,-0.378
44,57,-0.385
45,57,-0.372
46,57,-0.372
47,57,-0.368
48,57,-0.36
49,57,-0.362
50,57,-0.369
51,57,-0.386
52,57,-0.393
53,57,-0.397
54,57,-0.409
55,57,-0.425
56,57,-0.428
57,57,-0.415
58,57,-0.383
59,57,-0.379
60,57,-0.384
61,57,-0.38
62,57,-0.358
63,57,-0.342
64,57,-0.345
65,57,-0.341
66,57,-0.334
67,57,-0.314
68,57,-0.312
69,57,-0.326
70,57,-0.351
71,57,-0.346
72,57,-0.359
73,57,-0.357
74,57,-0.361
75,57,-0.354
76,57,-0.36
77,57,-0.36
78,57,-0.388
79,57,-0.402
80,57,-0.425
81,57,-0.432
82,57,-0.442
83,57,-0.444
84,57,-0.454
85,57,-0.442
86,57,-0.447
87,57,-0.428
88,57,-0.438
89,57,-0.442
90,57,-0.423
91,57,-0.406
92,57,-0.393
93,57,-0.382
94,57,-0.382
95,57,-0.373
96,57,-0.368
97,57,-0.388
98,57,-0.396
99,57,-0.405
100,57,-0.415
101,57,-0.427
102,57,-0.421
103,57,-0.424
104,57,-0.408
105,57,-0.4
106,57,-0.382
107,57,-0.368
108,57,-0.351
109,57,-0.352
110,57,-0.335
111,57,-0.342
112,57,-0.343
113,57,-0.35
114,57,-0.36
115,57,-0.388
116,57,-0.401
117,57,-0.422
118,57,-0.416
119,57,-0.404
120,57,-0.41
121,57,-0.4
122,57,-0.372
123,57,-0.366
124,57,-0.37
125,57,-0.384
126,57,-0.413
127,57,-0.402
128,57,-0.407
129,57,-0.407
130,57,-0.391
131,57,-0.384
132,57,-0.386
133,57,-0.369
134,57,-0.392
135,57,-0.395
136,57,-0.396
137,57,-0.408
138,57,-0.394
139,57,-0.365
140,57,-0.36
141,57,-0.34
142,57,-0.32
143,57,-0.337
144,57,-0.346
145,57,-0.351
146,57,-0.35
147,57,-0.332
148,57,-0.322
149,57,-0.328
150,57,-0.316
151,57,-0.278
152,57,-0.263
153,57,-0.24
154,57,-0.226
155,57,-0.241
156,57,-0.236
157,57,-0.257
158,57,-0.276
159,57,-0.273
160,57,-0.312
161,57,-0.357
162,57,-0.341
163,57,-0.319
164,57,-0.321
165,57,-0.343
166,57,-0.321
167,57,-0.338
168,57,-0.357
169,57,-0.389
170,57,-0.446
171,57,-0.344
172,57,-0.251
173,57,-0.286
174,57,-0.248
175,57,-0.188
176,57,-0.127
177,57,-0.044
178,57,-0.114
179,57,-0.186
180,57,-0.187
181,57,-0.252
182,57,-0.317
183,57,-0.361
184,57,-0.434
185,57,-0.392
186,57,-0.278
187,57,-0.279
188,57,-0.127
189,57,-0.007
190,57,-0.014
191,57,-0.025
192,57,-0.082
193,57,-0.288
194,57,-0.352
0,59,-0.51
1,59,-0.518
2,59,-0.514
3,59,-0.51
4,59,-0.514
5,59,-0.512
6,59,-0.505
7,59,-0.495
8,59,-0.481
9,59,-0.476
10,59,-0.481
11,59,-0.476
12,59,-0.49
13,59,-0.495
14,59,-0.501
15,59,-0.512
16,59,-0.523
17,59,-0.526
18,59,-0.523
19,59,-0.511
20,59,-0.505
21,59,-0.491
22,59,-0.478
23,59,-0.471
24,59,-0.466
25,59,-0.464
26,59,-0.445
27,59,-0.442
28,59,-0.429
29,59,-0.421
30,59,-0.407
31,59,-0.401
32,59,-0.404
33,59,-0.418
34,59,-0.423
35,59,-0.436
36,59,-0.428
37,59,-0.418
38,59,-0.413
39,59,-0.4
40,59,-0.392
41,59,-0.377
42,59,-0.368
43,59,-0.384
44,59,-0.393
45,59,-0.38
46,59,-0.375
47,59,-0.372
48,59,-0.365
49,59,-0.364
50,59,-0.369
51,59,-0.388
52,59,-0.399
53,59,-0.419
54,59,-0.433
55,59,-0.451
56,59,-0.451
57,59,-0.433
58,59,-0.414
59,59,-0.411
60,59,-0.406
61,59,-0.404
62,59,-0.382
63,59,-0.374
64,59,-0.38
65,59,-0.369
66,59,-0.363
67,59,-0.346
68,59,-0.34
69,59,-0.36
70,59,-0.37
71,59,-0.368
72,59,-0.377
73,59,-0.374
74,59,-0.371
75,59,-0.369
76,59,-0.363
77,59,-0.371
78,59,-0.387
79,59,-0.402
80,59,-0.424
81,59,-0.434
82,59,-0.429
83,59,-0.433
84,59,-0.428
85,59,-0.422
86,59,-0.426
87,59,-0.406
88,59,-0.412
89,59,-0.425
90,59,-0.417
91,59,-0.416
92,59,-0.413
93,59,-0.39
94,59,-0.396
95,59,-0.395
96,59,-0.386
97,59,-0.404
98,59,-0.409
99,59,-0.411
100,59,-0.425
101,59,-0.418
102,59,-0.407
103,59,-0.406
104,59,-0.392
105,59,-0.374
106,59,-0.357
107,59,-0.337
108,59,-0.322
109,59,-0.325
110,59,-0.316
111,59,-0.304
112,59,-0.306
113,59,-0.312
114,59,-0.337
115,59,-0.37
116,59,-0.386
117,59,-0.4
118,59,-0.419
119,59,-0.417
120,59,-0.405
121,59,-0.383
122,59,-0.359
123,59,-0.357
124,59,-0.355
125,59,-0.347
126,59,-0.37
127,59,-0.385
128,59,-0.397
129,59,-0.394
130,59,-0.372
131,59,-0.379
132,59,-0.382
133,59,-0.357
134,59,-0.375
135,59,-0.37
136,59,-0.365
137,59,-0.37
138,59,-0.341
139,59,-0.324
140,59,-0.334
141,59,-0.308
142,59,-0.301
143,59,-0.316
144,59,-0.308
145,59,-0.318
146,59,-0.307
147,59,-0.288
148,59,-0.264
149,59,-0.258
150,59,-0.245
151,59,-0.211
152,59,-0.207
153,59,-0.198
154,59,-0.198
155,59,-0.226
156,59,-0.22
157,59,-0.223
158,59,-0.267
159,59,-0.252
160,59,-0.272
161,59,-0.277
162,59,-0.247
163,59,-0.242
164,59,-0.261
165,59,-0.275
166,59,-0.259
167,59,-0.297
168,59,-0.334
169,59,-0.404
170,59,-0.464
171,59,-0.384
172,59,-0.313
173,59,-0.344
174,59,-0.276
175,59,-0.21
176,59,-0.101
177,59,0.008
178,59,0.015
179,59,-0.013
180,59,-0.02
181,59,-0.061
182,59,-0.1
183,59,-0.116
184,59,-0.156
185,59,-0.157
186,59,-0.043
187,59,0.062
188,59,0.181
189,59,0.368
190,59,0.263
191,59,0.256
192,59,0.206
193,59,0.062
194,59,-0.146
0,60,-0.49
1,60,-0.499
2,60,-0.497
3,60,-0.496
4,60,-0.49
5,60,-0.494
6,60,-0.493
7,60,-0.478
8,60,-0.465
9,60,-0.463
10,60,-0.467
11,60,-0.474
12,60,-0.483
13,60,-0.497
14,60,-0.503
15,60,-0.522
16,60,-0.536
17,60,-0.541
18,60,-0.534
19,60,-0.531
20,60,-0.517
21,60,-0.498
22,60,-0.476
23,60,-0.456
24,60,-0.438
25,60,-0.434
26,60,-0.415
27,60,-0.412
28,60,-0.401
29,60,-0.398
30,60,-0.392
31,60,-0.396
32,60,-0.4
33,60,-0.403
34,60,-0.402
35,60,-0.412
36,60,-0.405
37,60,-0.394
38,60,-0.393
39,60,-0.377
40,60,-0.377
41,60,-0.37
42,60,-0.373
43,60,-0.376
44,60,-0.389
45,60,-0.371
46,60,-0.367
47,60,-0.36
48,60,-0.345
49,60,-0.329
50,60,-0.333
51,60,-0.337
52,60,-0.345
53,60,-0.36
54,60,-0.377
55,60,-0.395
56,60,-0.402
57,60,-0.387
58,60,-0.377
59,60,-0.379
60,60,-0.382
61,60,-0.375
62,60,-0.363
63,60,-0.36
64,60,-0.367
65,60,-0.372
66,60,-0.378
67,60,-0.36
68,60,-0.36
69,60,-0.372
70,60,-0.38
71,60,-0.38
72,60,-0.378
73,60,-0.368
74,60,-0.381
75,60,-0.373
76,60,-0.377
77,60,-0.382
78,60,-0.387
79,60,-0.388
80,60,-0.407
81,60,-0.401
82,60,-0.407
83,60,-0.403
84,60,-0.398
85,60,-0.392
86,60,-0.396
87,60,-0.378
88,60,-0.383
89,60,-0.384
90,60,-0.376
91,60,-0.372
92,60,-0.375
93,60,-0.374
94,60,-0.375
95,60,-0.367
96,60,-0.375
97,60,-0.396
98,60,-0.413
99,60,-0.424
100,60,-0.425
101,60,-0.414
102,60,-0.405
103,60,-0.392
104,60,-0.381
105,60,-0.367
106,60,-0.351
107,60,-0.335
108,60,-0.333
109,60,-0.352
110,60,-0.344
111,60,-0.34
112,60,-0.328
113,60,-0.342
114,60,-0.369
115,60,-0.399
116,60,-0.404
117,60,-0.418
118,60,-0.423
119,60,-0.412
120,60,-0.392
121,60,-0.358
122,60,-0.335
123,60,-0.326
124,60,-0.321
125,60,-0.301
126,60,-0.33
127,60,-0.349
128,60,-0.355
129,60,-0.344
130,60,-0.334
131,60,-0.333
132,60,-0.353
133,60,-0.344
134,60,-0.348
135,60,-0.348
136,60,-0.348
137,60,-0.363
138,60,-0.345
139,60,-0.324
140,60,-0.336
141,60,-0.315
142,60,-0.311
143,60,-0.332
144,60,-0.316
145,60,-0.322
146,60,-0.302
147,60,-0.255
148,60,-0.221
149,60,-0.221
150,60,-0.183
151,60,-0.144
152,60,-0.146
153,60,-0.155
154,60,-0.18
155,60,-0.209
156,60,-0.193
157,60,-0.197
158,60,-0.253
159,60,-0.236
160,60,-0.252
161,60,-0.249
162,60,-0.219
163,60,-0.222
164,60,-0.24
165,60,-0.209
166,60,-0.212
167,60,-0.218
168,60,-0.233
169,60,-0.296
170,60,-0.333
171,60,-0.249
172,60,-0.211
173,60,-0.178
174,60,-0.151
175,60,-0.122
176,60,-0.014
177,60,0.044
178,60,0.033
179,60,0.002
180,60,0.007
181,60,-0.02
182,60,-0.084
183,60,-0.105
184,60,-0.121
185,60,-0.094
186,60,0.045
187,60,0.149
188,60,0.242
189,60,0.479
190,60,0.417
191,60,0.355
192,60,0.25
193,60,0.087
194,60,-0.167
195,60,-0.25
0,61,-0.447
1,61,-0.453
2,61,-0.453
3,61,-0.456
4,61,-0.452
5,61,-0.458
6,61,-0.458
7,61,-0.449
8,61,-0.443
9,61,-0.447
10,61,-0.445
11,61,-0.457
12,61,-0.464
13,61,-0.475
14,61,-0.479
15,61,-0.497
16,61,-0.513
17,61,-0.522
18,61,-0.512
19,61,-0.51
20,61,-0.502
21,61,-0.488
22,61,-0.469
23,61,-0.447
24,61,-0.439
25,61,-0.438
26,61,-0.423
27,61,-0.422
28,61,-0.413
29,61,-0.408
30,61,-0.402
31,61,-0.4
32,61,-0.404
33,61,-0.405
34,61,-0.399
35,61,-0.399
36,61,-0.395
37,61,-0.391
38,61,-0.382
39,61,-0.375
40,61,-0.375
41,61,-0.376
42,61,-0.396
43,61,-0.401
44,61,-0.41
45,61,-0.402
46,61,-0.396
47,61,-0.388
48,61,-0.369
49,61,-0.346
50,61,-0.345
51,61,-0.33
52,61,-0.331
53,61,-0.338
54,61,-0.362
55,61,-0.386
56,61,-0.397
57,61,-0.391
58,61,-0.401
59,61,-0.403
60,61,-0.414
61,61,-0.403
62,61,-0.382
63,61,-0.374
64,61,-0.379
65,61,-0.38
66,61,-0.385
67,61,-0.369
68,61,-0.365
69,61,-0.377
70,61,-0.382
71,61,-0.384
72,61,-0.382
73,61,-0.375
74,61,-0.381
75,61,-0.381
76,61,-0.385
77,61,-0.387
78,61,-0.384
79,61,-0.385
80,61,-0.393
81,61,-0.392
82,61,-0.388
83,61,-0.372
84,61,-0.363
85,61,-0.357
86,61,-0.347
87,61,-0.337
88,61,-0.339
89,61,-0.343
90,61,-0.344
91,61,-0.345
92,61,-0.355
93,61,-0.362
94,61,-0.364
95,61,-0.36
96,61,-0.367
97,61,-0.389
98,61,-0.397
99,61,-0.402
100,61,-0.402
101,61,-0.391
102,61,-0.372
103,61,-0.351
104,61,-0.335
105,61,-0.324
106,61,-0.289
107,61,-0.28
108,61,-0.291
109,61,-0.313
110,61,-0.32
111,61,-0.326
112,61,-0.327
113,61,-0.357
114,61,-0.376
115,61,-0.387
116,61,-0.391
117,61,-0.39
118,61,-0.378
119,61,-0.369
120,61,-0.348
121,61,-0.327
122,61,-0.322
123,61,-0.31
124,61,-0.312
125,61,-0.303
126,61,-0.318
127,61,-0.331
128,61,-0.322
129,61,-0.312
130,61,-0.312
131,61,-0.309
132,61,-0.328
133,61,-0.313
134,61,-0.323
135,61,-0.339
136,61,-0.322
137,61,-0.315
138,61,-0.305
139,61,-0.279
140,61,-0.296
141,61,-0.271
142,61,-0.241
143,61,-0.239
144,61,-0.232
145,61,-0.237
146,61,-0.221
147,61,-0.183
148,61,-0.182
149,61,-0.181
150,61,-0.153
151,61,-0.124
152,61,-0.103
153,61,-0.129
154,61,-0.145
155,61,-0.136
156,61,-0.149
157,61,-0.156
158,61,-0.196
159,61,-0.21
160,61,-0.215
161,61,-0.21
162,61,-0.198
163,61,-0.183
164,61,-0.197
165,61,-0.202
166,61,-0.186
167,61,-0.161
168,61,-0.156
169,61,-0.182
170,61,-0.213
171,61,-0.211
172,61,-0.16
173,61,-0.128
174,61,-0.144
175,61,-0.14
176,61,-0.072
177,61,-0.001
178,61,0.027
179,61,0.027
180,61,0.039
181,61,0.01
182,61,-0.052
183,61,-0.022
184,61,-0.103
185,61,-0.079
186,61,0.024
187,61,0.07
188,61,0.25
189,61,0.418
190,61,0.287
191,61,0.269
192,61,0.263
193,61,0.109
194,61,-0.069
195,61,-0.188
0,62,-0.426
1,62,-0.428
2,62,-0.421
3,62,-0.419
4,62,-0.414
5,62,-0.419
6,62,-0.419
7,62,-0.401
8,62,-0.391
9,62,-0.4
10,62,-0.402
11,62,-0.408
12,62,-0.413
13,62,-0.418
14,62,-0.434
15,62,-0.458
16,62,-0.475
17,62,-0.487
18,62,-0.484
19,62,-0.484
20,62,-0.481
21,62,-0.461
22,62,-0.436
23,62,-0.413
24,62,-0.401
25,62,-0.395
26,62,-0.37
27,62,-0.36
28,62,-0.359
29,62,-0.352
30,62,-0.343
31,62,-0.334
32,62,-0.339
33,62,-0.349
34,62,-0.35
35,62,-0.355
36,62,-0.355
37,62,-0.359
38,62,-0.358
39,62,-0.349
40,62,-0.347
41,62,-0.344
42,62,-0.352
43,62,-0.361
44,62,-0.365
45,62,-0.364
46,62,-0.369
47,62,-0.366
48,62,-0.346
49,62,-0.32
50,62,-0.311
51,62,-0.298
52,62,-0.294
53,62,-0.296
54,62,-0.309
55,62,-0.331
56,62,-0.346
57,62,-0.349
58,62,-0.359
59,62,-0.364
60,62,-0.359
61,62,-0.349
62,62,-0.33
63,62,-0.335
64,62,-0.337
65,62,-0.339
66,62,-0.344
67,62,-0.348
68,62,-0.344
69,62,-0.358
70,62,-0.35
71,62,-0.355
72,62,-0.355
73,62,-0.355
74,62,-0.365
75,62,-0.378
76,62,-0.39
77,62,-0.393
78,62,-0.385
79,62,-0.381
80,62,-0.377
81,62,-0.367
82,62,-0.358
83,62,-0.341
84,62,-0.335
85,62,-0.329
86,62,-0.317
87,62,-0.316
88,62,-0.304
89,62,-0.3
90,62,-0.305
91,62,-0.31
92,62,-0.322
93,62,-0.335
94,62,-0.339
95,62,-0.359
96,62,-0.364
97,62,-0.384
98,62,-0.394
99,62,-0.402
100,62,-0.4
101,62,-0.386
102,62,-0.367
103,62,-0.352
104,62,-0.341
105,62,-0.324
106,62,-0.293
107,62,-0.281
108,62,-0.299
109,62,-0.307
110,62,-0.315
111,62,-0.318
112,62,-0.319
113,62,-0.345
114,62,-0.366
115,62,-0.364
116,62,-0.374
117,62,-0.355
118,62,-0.334
119,62,-0.323
120,62,-0.294
121,62,-0.271
122,62,-0.27
123,62,-0.263
124,62,-0.294
125,62,-0.306
126,62,-0.301
127,62,-0.303
128,62,-0.299
129,62,-0.28
130,62,-0.276
131,62,-0.26
132,62,-0.256
133,62,-0.267
134,62,-0.296
135,62,-0.293
136,62,-0.276
137,62,-0.238
138,62,-0.23
139,62,-0.213
140,62,-0.226
141,62,-0.205
142,62,-0.207
143,62,-0.211
144,62,-0.218
145,62,-0.217
146,62,-0.194
147,62,-0.157
148,62,-0.138
149,62,-0.121
150,62,-0.1
151,62,-0.09
152,62,-0.086
153,62,-0.107
154,62,-0.137
155,62,-0.133
156,62,-0.145
157,62,-0.15
158,62,-0.199
159,62,-0.187
160,62,-0.187
161,62,-0.16
162,62,-0.15
163,62,-0.141
164,62,-0.137
165,62,-0.146
166,62,-0.174
167,62,-0.122
168,62,-0.121
169,62,-0.168
170,62,-0.181
171,62,-0.201
172,62,-0.153
173,62,-0.102
174,62,-0.202
175,62,-0.224
176,62,-0.149
177,62,-0.113
178,62,-0.103
179,62,-0.091
180,62,-0.022
181,62,0.02
182,62,0.008
183,62,0.054
184,62,0.099
185,62,0.219
186,62,0.3
187,62,0.319
188,62,0.416
189,62,0.605
190,62,0.481
191,62,0.433
192,62,0.368
193,62,0.308
194,62,0.146
195,62,0.092
0,63,-0.382
1,63,-0.389
2,63,-0.382
3,63,-0.381
4,63,-0.375
5,63,-0.389
6,63,-0.385
7,63,-0.372
8,63,-0.357
9,63,-0.37
10,63,-0.373
11,63,-0.374
12,63,-0.372
13,63,-0.38
14,63,-0.396
15,63,-0.428
16,63,-0.435
17,63,-0.448
18,63,-0.451
19,63,-0.455
20,63,-0.456
21,63,-0.443
22,63,-0.414
23,63,-0.401
24,63,-0.392
25,63,-0.385
26,63,-0.372
27,63,-0.367
28,63,-0.365
29,63,-0.364
30,63,-0.351
31,63,-0.34
32,63,-0.343
33,63,-0.341
34,63,-0.328
35,63,-0.333
36,63,-0.332
37,63,-0.339
38,63,-0.334
39,63,-0.325
40,63,-0.329
41,63,-0.332
42,63,-0.337
43,63,-0.349
44,63,-0.354
45,63,-0.364
46,63,-0.367
47,63,-0.367
48,63,-0.354
49,63,-0.319
50,63,-0.295
51,63,-0.268
52,63,-0.254
53,63,-0.263
54,63,-0.264
55,63,-0.278
56,63,-0.303
57,63,-0.314
58,63,-0.339
59,63,-0.351
60,63,-0.333
61,63,-0.32
62,63,-0.305
63,63,-0.306
64,63,-0.301
65,63,-0.308
66,63,-0.312
67,63,-0.327
68,63,-0.327
69,63,-0.346
70,63,-0.331
71,63,-0.339
72,63,-0.334
73,63,-0.333
74,63,-0.342
75,63,-0.353
76,63,-0.358
77,63,-0.376
78,63,-0.362
79,63,-0.355
80,63,-0.343
81,63,-0.332
82,63,-0.325
83,63,-0.314
84,63,-0.301
85,63,-0.304
86,63,-0.286
87,63,-0.289
88,63,-0.272
89,63,-0.277
90,63,-0.28
91,63,-0.281
92,63,-0.287
93,63,-0.309
94,63,-0.313
95,63,-0.338
96,63,-0.343
97,63,-0.347
98,63,-0.371
99,63,-0.381
100,63,-0.371
101,63,-0.358
102,63,-0.344
103,63,-0.32
104,63,-0.313
105,63,-0.287
106,63,-0.27
107,63,-0.27
108,63,-0.281
109,63,-0.285
110,63,-0.3
111,63,-0.323
112,63,-0.332
113,63,-0.352
114,63,-0.365
115,63,-0.359
116,63,-0.35
117,63,-0.332
118,63,-0.301
119,63,-0.277
120,63,-0.25
121,63,-0.218
122,63,-0.236
123,63,-0.243
124,63,-0.265
125,63,-0.287
126,63,-0.284
127,63,-0.289
128,63,-0.3
129,63,-0.274
130,63,-0.27
131,63,-0.255
132,63,-0.22
133,63,-0.238
134,63,-0.25
135,63,-0.238
136,63,-0.232
137,63,-0.196
138,63,-0.202
139,63,-0.194
140,63,-0.189
141,63,-0.182
142,63,-0.193
143,63,-0.178
144,63,-0.196
145,63,-0.185
146,63,-0.166
147,63,-0.145
148,63,-0.132
149,63,-0.104
150,63,-0.082
151,63,-0.059
152,63,-0.024
153,63,-0.047
154,63,-0.065
155,63,-0.035
156,63,-0.071
157,63,-0.06
158,63,-0.122
159,63,-0.142
160,63,-0.134
161,63,-0.103
162,63,-0.096
163,63,-0.052
164,63,-0.076
165,63,-0.072
166,63,-0.101
167,63,-0.059
168,63,-0.065
169,63,-0.102
170,63,-0.13
171,63,-0.122
172,63,-0.077
173,63,0.014
174,63,-0.042
175,63,-0.099
176,63,-0.062
177,63,-0.021
178,63,-0.032
179,63,-0.015
180,63,-0.017
181,63,0.021
182,63,0.121
183,63,0.201
184,63,0.278
185,63,0.377
186,63,0.495
187,63,0.64
188,63,0.642
189,63,0.63
190,63,0.559
191,63,0.522
192,63,0.471
193,63,0.415
194,63,0.259
195,63,0.327
0,64,-0.383
1,64,-0.378
2,64,-0.373
3,64,-0.369
4,64,-0.367
5,64,-0.376
6,64,-0.371
7,64,-0.365
8,64,-0.361
9,64,-0.367
10,64,-0.368
11,64,-0.373
12,64,-0.378
13,64,-0.382
14,64,-0.393
15,64,-0.408
16,64,-0.417
17,64,-0.433
18,64,-0.432
19,64,-0.433
20,64,-0.436
21,64,-0.432
22,64,-0.423
23,64,-0.415
24,64,-0.401
25,64,-0.389
26,64,-0.386
27,64,-0.384
28,64,-0.379
29,64,-0.381
30,64,-0.366
31,64,-0.365
32,64,-0.37
33,64,-0.356
34,64,-0.336
35,64,-0.338
36,64,-0.332
37,64,-0.346
38,64,-0.342
39,64,-0.336
40,64,-0.343
41,64,-0.358
42,64,-0.358
43,64,-0.356
44,64,-0.346
45,64,-0.353
46,64,-0.353
47,64,-0.349
48,64,-0.332
49,64,-0.299
50,64,-0.278
51,64,-0.259
52,64,-0.241
53,64,-0.228
54,64,-0.22
55,64,-0.225
56,64,-0.24
57,64,-0.251
58,64,-0.264
59,64,-0.27
60,64,-0.275
61,64,-0.268
62,64,-0.264
63,64,-0.271
64,64,-0.271
65,64,-0.279
66,64,-0.289
67,64,-0.302
68,64,-0.309
69,64,-0.313
70,64,-0.293
71,64,-0.291
72,64,-0.298
73,64,-0.302
74,64,-0.312
75,64,-0.321
76,64,-0.335
77,64,-0.362
78,64,-0.352
79,64,-0.342
80,64,-0.323
81,64,-0.305
82,64,-0.293
83,64,-0.288
84,64,-0.28
85,64,-0.291
86,64,-0.268
87,64,-0.269
88,64,-0.252
89,64,-0.253
90,64,-0.248
91,64,-0.246
92,64,-0.247
93,64,-0.28
94,64,-0.291
95,64,-0.326
96,64,-0.344
97,64,-0.346
98,64,-0.362
99,64,-0.371
100,64,-0.354
101,64,-0.351
102,64,-0.334
103,64,-0.305
104,64,-0.294
105,64,-0.272
106,64,-0.267
107,64,-0.277
108,64,-0.292
109,64,-0.311
110,64,-0.321
111,64,-0.353
112,64,-0.372
113,64,-0.384
114,64,-0.385
115,64,-0.371
116,64,-0.345
117,64,-0.335
118,64,-0.31
119,64,-0.279
120,64,-0.264
121,64,-0.247
122,64,-0.247
123,64,-0.246
124,64,-0.262
125,64,-0.266
126,64,-0.26
127,64,-0.251
128,64,-0.23
129,64,-0.207
130,64,-0.209
131,64,-0.195
132,64,-0.163
133,64,-0.193
134,64,-0.188
135,64,-0.184
136,64,-0.196
137,64,-0.164
138,64,-0.176
139,64,-0.169
140,64,-0.145
141,64,-0.145
142,64,-0.157
143,64,-0.128
144,64,-0.132
145,64,-0.106
146,64,-0.073
147,64,-0.056
148,64,-0.042
149,64,-0.03
150,64,-0.01
151,64,-0.008
152,64,0.024
153,64,-0.015
154,64,-0.008
155,64,0.011
156,64,-0.023
157,64,-0.022
158,64,-0.031
159,64,-0.064
160,64,-0.085
161,64,-0.092
162,64,-0.102
163,64,-0.063
164,64,-0.108
165,64,-0.128
166,64,-0.14
167,64,-0.093
168,64,-0.074
169,64,-0.094
170,64,-0.09
171,64,-0.054
172,64,-0.044
173,64,0.018
174,64,0.021
175,64,-0.054
176,64,-0.063
177,64,-0.049
178,64,-0.079
179,64,-0.017
180,64,0.056
181,64,0.061
182,64,0.182
183,64,0.328
184,64,0.424
185,64,0.56
186,64,0.693
187,64,0.685
188,64,0.695
189,64,0.644
190,64,0.58
191,64,0.634
192,64,0.657
193,64,0.58
194,64,0.419
195,64,0.657
0,65,-0.387
1,65,-0.38
2,65,-0.377
3,65,-0.372
4,65,-0.373
5,65,-0.376
6,65,-0.363
7,65,-0.364
8,65,-0.358
9,65,-0.361
10,65,-0.361
11,65,-0.365
12,65,-0.369
13,65,-0.365
14,65,-0.378
15,65,-0.389
16,65,-0.395
17,65,-0.41
18,65,-0.421
19,65,-0.42
20,65,-0.426
21,65,-0.423
22,65,-0.42
23,65,-0.414
24,65,-0.4
25,65,-0.384
26,65,-0.381
27,65,-0.379
28,65,-0.383
29,65,-0.386
30,65,-0.38
31,65,-0.383
32,65,-0.381
33,65,-0.373
34,65,-0.362
35,65,-0.356
36,65,-0.347
37,65,-0.363
38,65,-0.354
39,65,-0.35
40,65,-0.35
41,65,-0.352
42,65,-0.354
43,65,-0.359
44,65,-0.339
45,65,-0.348
46,65,-0.353
47,65,-0.354
48,65,-0.344
49,65,-0.317
50,65,-0.294
51,65,-0.285
52,65,-0.268
53,65,-0.253
54,65,-0.248
55,65,-0.258
56,65,-0.266
57,65,-0.269
58,65,-0.277
59,65,-0.28
60,65,-0.279
61,65,-0.268
62,65,-0.253
63,65,-0.25
64,65,-0.262
65,65,-0.265
66,65,-0.273
67,65,-0.29
68,65,-0.296
69,65,-0.303
70,65,-0.295
71,65,-0.288
72,65,-0.296
73,65,-0.301
74,65,-0.296
75,65,-0.304
76,65,-0.297
77,65,-0.316
78,65,-0.312
79,65,-0.303
80,65,-0.278
81,65,-0.271
82,65,-0.254
83,65,-0.267
84,65,-0.267
85,65,-0.267
86,65,-0.241
87,65,-0.247
88,65,-0.231
89,65,-0.244
90,65,-0.238
91,65,-0.245
92,65,-0.253
93,65,-0.28
94,65,-0.295
95,65,-0.337
96,65,-0.333
97,65,-0.335
98,65,-0.336
99,65,-0.33
100,65,-0.321
101,65,-0.323
102,65,-0.305
103,65,-0.286
104,65,-0.287
105,65,-0.267
106,65,-0.274
107,65,-0.291
108,65,-0.305
109,65,-0.318
110,65,-0.34
111,65,-0.344
112,65,-0.363
113,65,-0.371
114,65,-0.361
115,65,-0.341
116,65,-0.315
117,65,-0.295
118,65,-0.293
119,65,-0.285
120,65,-0.261
121,65,-0.254
122,65,-0.253
123,65,-0.259
124,65,-0.277
125,65,-0.279
126,65,-0.265
127,65,-0.26
128,65,-0.25
129,65,-0.237
130,65,-0.227
131,65,-0.215
132,65,-0.17
133,65,-0.186
134,65,-0.178
135,65,-0.158
136,65,-0.153
137,65,-0.128
138,65,-0.138
139,65,-0.152
140,65,-0.103
141,65,-0.102
142,65,-0.116
143,65,-0.097
144,65,-0.106
145,65,-0.082
146,65,-0.047
147,65,-0.06
148,65,-0.058
149,65,-0.047
150,65,-0.028
151,65,-0.001
152,65,0.055
153,65,0.038
154,65,0.035
155,65,0.048
156,65,0.019
157,65,0.03
158,65,0.021
159,65,-0.034
160,65,-0.04
161,65,-0.013
162,65,-0.013
163,65,0.02
164,65,-0.024
165,65,-0.074
166,65,-0.067
167,65,-0.049
168,65,-0.056
169,65,-0.056
170,65,-0.041
171,65,-0.036
172,65,-0.025
173,65,-0.007
174,65,0.012
175,65,-0.053
176,65,-0.068
177,65,-0.078
178,65,-0.067
179,65,0.01
180,65,0.092
181,65,0.114
182,65,0.28
183,65,0.376
184,65,0.477
185,65,0.596
186,65,0.707
187,65,0.743
188,65,0.751
189,65,0.691
190,65,0.649
191,65,0.766
192,65,0.839
193,65,0.786
194,65,0.724
195,65,1.0
0,66,-0.374
1,66,-0.365
2,66,-0.36
3,66,-0.354
4,66,-0.356
5,66,-0.362
6,66,-0.364
7,66,-0.364
8,66,-0.363
9,66,-0.367
10,66,-0.372
11,66,-0.369
12,66,-0.371
13,66,-0.363
14,66,-0.387
15,66,-0.393
16,66,-0.395
17,66,-0.409
18,66,-0.427
19,66,-0.432
20,66,-0.439
21,66,-0.427
22,66,-0.43
23,66,-0.425
24,66,-0.405
25,66,-0.388
26,66,-0.38
27,66,-0.379
28,66,-0.38
29,66,-0.385
30,66,-0.381
31,66,-0.384
32,66,-0.384
33,66,-0.38
34,66,-0.363
35,66,-0.364
36,66,-0.357
37,66,-0.374
38,66,-0.377
39,66,-0.367
40,66,-0.372
41,66,-0.382
42,66,-0.367
43,66,-0.369
44,66,-0.355
45,66,-0.351
46,66,-0.352
47,66,-0.345
48,66,-0.331
49,66,-0.307
50,66,-0.279
51,66,-0.266
52,66,-0.247
53,66,-0.238
54,66,-0.225
55,66,-0.225
56,66,-0.232
57,66,-0.24
58,66,-0.232
59,66,-0.252
60,66,-0.241
61,66,-0.236
62,66,-0.235
63,66,-0.234
64,66,-0.242
65,66,-0.258
66,66,-0.257
67,66,-0.283
68,66,-0.295
69,66,-0.301
70,66,-0.298
71,66,-0.289
72,66,-0.296
73,66,-0.295
74,66,-0.291
75,66,-0.291
76,66,-0.269
77,66,-0.28
78,66,-0.278
79,66,-0.266
80,66,-0.25
81,66,-0.23
82,66,-0.213
83,66,-0.234
84,66,-0.235
85,66,-0.234
86,66,-0.215
87,66,-0.228
88,66,-0.222
89,66,-0.242
90,66,-0.245
91,66,-0.256
92,66,-0.257
93,66,-0.287
94,66,-0.294
95,66,-0.318
96,66,-0.307
97,66,-0.307
98,66,-0.294
99,66,-0.297
100,66,-0.274
101,66,-0.265
102,66,-0.264
103,66,-0.243
104,66,-0.241
105,66,-0.237
106,66,-0.263
107,66,-0.272
108,66,-0.289
109,66,-0.306
110,66,-0.34
111,66,-0.342
112,66,-0.36
113,66,-0.343
114,66,-0.35
115,66,-0.344
116,66,-0.309
117,66,-0.287
118,66,-0.284
119,66,-0.27
120,66,-0.263
121,66,-0.255
122,66,-0.234
123,66,-0.248
124,66,-0.258
125,66,-0.245
126,66,-0.225
127,66,-0.225
128,66,-0.214
129,66,-0.212
130,66,-0.194
131,66,-0.191
132,66,-0.165
133,66,-0.197
134,66,-0.171
135,66,-0.152
136,66,-0.155
137,66,-0.138
138,66,-0.149
139,66,-0.181
140,66,-0.123
141,66,-0.125
142,66,-0.138
143,66,-0.136
144,66,-0.145
145,66,-0.101
146,66,-0.054
147,66,-0.058
148,66,-0.029
149,66,-0.023
150,66,0.028
151,66,0.065
152,66,0.091
153,66,0.085
154,66,0.069
155,66,0.049
156,66,0.048
157,66,0.057
158,66,0.06
159,66,0.035
160,66,0.028
161,66,0.043
162,66,0.037
163,66,0.024
164,66,-0.032
165,66,-0.053
166,66,-0.08
167,66,-0.069
168,66,-0.079
169,66,-0.079
170,66,-0.038
171,66,0.025
172,66,-0.011
173,66,-0.001
174,66,-0.006
175,66,-0.027
176,66,-0.002
177,66,-0.025
178,66,-0.055
179,66,0.009
180,66,0.074
181,66,0.152
182,66,0.264
183,66,0.27
184,66,0.456
185,66,0.566
186,66,0.657
187,66,0.79
188,66,0.803
189,66,0.832
190,66,0.908
191,66,1.0
192,66,1.0
193,66,1.0
194,66,1.0
195,66,1.0
0,67,-0.386
1,67,-0.379
2,67,-0.383
3,67,-0.377
4,67,-0.381
5,67,-0.387
6,67,-0.383
7,67,-0.395
8,67,-0.396
9,67,-0.394
10,67,-0.4
11,67,-0.399
12,67,-0.389
13,67,-0.395
14,67,-0.407
15,67,-0.406
16,67,-0.401
17,67,-0.405
18,67,-0.415
19,67,-0.428
20,67,-0.43
21,67,-0.432
22,67,-0.439
23,67,-0.433
24,67,-0.421
25,67,-0.407
26,67,-0.408
27,67,-0.41
28,67,-0.399
29,67,-0.405
30,67,-0.415
31,67,-0.42
32,67,-0.424
33,67,-0.41
34,67,-0.386
35,67,-0.377
36,67,-0.372
37,67,-0.375
38,67,-0.363
39,67,-0.349
40,67,-0.35
41,67,-0.361
42,67,-0.359
43,67,-0.357
44,67,-0.342
45,67,-0.346
46,67,-0.339
47,67,-0.332
48,67,-0.314
49,67,-0.296
50,67,-0.264
51,67,-0.251
52,67,-0.238
53,67,-0.233
54,67,-0.223
55,67,-0.223
56,67,-0.217
57,67,-0.214
58,67,-0.213
59,67,-0.221
60,67,-0.219
61,67,-0.218
62,67,-0.22
63,67,-0.22
64,67,-0.229
65,67,-0.246
66,67,-0.253
67,67,-0.273
68,67,-0.281
69,67,-0.286
70,67,-0.288
71,67,-0.296
72,67,-0.294
73,67,-0.288
74,67,-0.277
75,67,-0.262
76,67,-0.232
77,67,-0.245
78,67,-0.239
79,67,-0.225
80,67,-0.203
81,67,-0.188
82,67,-0.185
83,67,-0.199
84,67,-0.19
85,67,-0.185
86,67,-0.184
87,67,-0.2
88,67,-0.203
89,67,-0.212
90,67,-0.222
91,67,-0.224
92,67,-0.223
93,67,-0.236
94,67,-0.252
95,67,-0.257
96,67,-0.256
97,67,-0.256
98,67,-0.249
99,67,-0.252
100,67,-0.235
101,67,-0.215
102,67,-0.231
103,67,-0.217
104,67,-0.211
105,67,-0.218
106,67,-0.248
107,67,-0.269
108,67,-0.289
109,67,-0.304
110,67,-0.325
111,67,-0.321
112,67,-0.331
113,67,-0.311
114,67,-0.301
115,67,-0.298
116,67,-0.259
117,67,-0.28
118,67,-0.291
119,67,-0.284
120,67,-0.281
121,67,-0.292
122,67,-0.267
123,67,-0.266
124,67,-0.238
125,67,-0.208
126,67,-0.195
127,67,-0.209
128,67,-0.195
129,67,-0.187
130,67,-0.196
131,67,-0.197
132,67,-0.187
133,67,-0.186
134,67,-0.128
135,67,-0.111
136,67,-0.12
137,67,-0.085
138,67,-0.087
139,67,-0.121
140,67,-0.1
141,67,-0.107
142,67,-0.087
143,67,-0.074
144,67,-0.102
145,67,-0.046
146,67,-0.008
147,67,0.004
148,67,0.01
149,67,-0.0
150,67,0.034
151,67,0.092
152,67,0.093
153,67,0.091
154,67,0.102
155,67,0.087
156,67,0.083
157,67,0.088
158,67,0.079
159,67,0.05
160,67,0.036
161,67,0.046
162,67,0.04
163,67,0.012
164,67,-0.054
165,67,-0.08
166,67,-0.085
167,67,-0.085
168,67,-0.102
169,67,-0.063
170,67,-0.0
171,67,0.059
172,67,0.098
173,67,0.134
174,67,0.14
175,67,0.111
176,67,0.129
177,67,0.098
178,67,0.107
179,67,0.109
180,67,0.102
181,67,0.184
182,67,0.241
183,67,0.244
184,67,0.357
185,67,0.452
186,67,0.543
187,67,0.701
188,67,0.808
189,67,0.848
190,67,0.916
191,67,1.0
192,67,1.0
193,67,1.0
194,67,1.0
195,67,1.0
196,67,1.0
0,68,-0.412
1,68,-0.399
2,68,-0.398
3,68,-0.387
4,68,-0.386
5,68,-0.38
6,68,-0.377
7,68,-0.384
8,68,-0.389
9,68,-0.388
10,68,-0.392
11,68,-0.396
12,68,-0.398
13,68,-0.406
14,68,-0.411
15,68,-0.41
16,68,-0.413
17,68,-0.42
18,68,-0.43
19,68,-0.437
20,68,-0.432
21,68,-0.44
22,68,-0.441
23,68,-0.43
24,68,-0.417
25,68,-0.4
26,68,-0.397
27,68,-0.397
28,68,-0.383
29,68,-0.388
30,68,-0.401
31,68,-0.402
32,68,-0.401
33,68,-0.382
34,68,-0.364
35,68,-0.353
36,68,-0.349
37,68,-0.346
38,68,-0.338
39,68,-0.329
40,68,-0.336
41,68,-0.349
42,68,-0.353
43,68,-0.346
44,68,-0.332
45,68,-0.333
46,68,-0.336
47,68,-0.318
48,68,-0.294
49,68,-0.283
50,68,-0.254
51,68,-0.241
52,68,-0.235
53,68,-0.212
54,68,-0.213
55,68,-0.219
56,68,-0.205
57,68,-0.207
58,68,-0.209
59,68,-0.206
60,68,-0.218
61,68,-0.222
62,68,-0.222
63,68,-0.238
64,68,-0.254
65,68,-0.262
66,68,-0.275
67,68,-0.287
68,68,-0.29
69,68,-0.292
70,68,-0.283
71,68,-0.286
72,68,-0.279
73,68,-0.268
74,68,-0.248
75,68,-0.241
76,68,-0.214
77,68,-0.217
78,68,-0.207
79,68,-0.204
80,68,-0.19
81,68,-0.178
82,68,-0.171
83,68,-0.17
84,68,-0.163
85,68,-0.157
86,68,-0.162
87,68,-0.179
88,68,-0.192
89,68,-0.183
90,68,-0.196
91,68,-0.206
92,68,-0.204
93,68,-0.194
94,68,-0.2
95,68,-0.196
96,68,-0.214
97,68,-0.222
98,68,-0.201
99,68,-0.207
100,68,-0.216
101,68,-0.219
102,68,-0.235
103,68,-0.237
104,68,-0.225
105,68,-0.24
106,68,-0.26
107,68,-0.268
108,68,-0.281
109,68,-0.304
110,68,-0.311
111,68,-0.319
112,68,-0.334
113,68,-0.331
114,68,-0.331
115,68,-0.326
116,68,-0.289
117,68,-0.292
118,68,-0.304
119,68,-0.31
120,68,-0.286
121,68,-0.293
122,68,-0.268
123,68,-0.273
124,68,-0.26
125,68,-0.212
126,68,-0.188
127,68,-0.206
128,68,-0.176
129,68,-0.163
130,68,-0.161
131,68,-0.146
132,68,-0.151
133,68,-0.146
134,68,-0.095
135,68,-0.083
136,68,-0.087
137,68,-0.046
138,68,-0.045
139,68,-0.082
140,68,-0.055
141,68,-0.051
142,68,-0.046
143,68,-0.045
144,68,-0.078
145,68,-0.031
146,68,0.002
147,68,0.002
148,68,-0.001
149,68,-0.007
150,68,0.031
151,68,0.103
152,68,0.087
153,68,0.076
154,68,0.099
155,68,0.071
156,68,0.109
157,68,0.116
158,68,0.105
159,68,0.081
160,68,0.095
161,68,0.085
162,68,0.075
163,68,-0.008
164,68,-0.069
165,68,-0.111
166,68,-0.104
167,68,-0.089
168,68,-0.07
169,68,-0.034
170,68,0.049
171,68,0.068
172,68,0.103
173,68,0.135
174,68,0.076
175,68,0.059
176,68,0.069
177,68,0.051
178,68,0.024
179,68,0.007
180,68,-0.043
181,68,0.083
182,68,0.095
183,68,0.163
184,68,0.222
185,68,0.439
186,68,0.527
187,68,0.691
188,68,0.81
189,68,0.85
190,68,0.914
191,68,1.0
192,68,1.0
193,68,1.0
194,68,1.0
195,68,1.0
196,68,1.0
0,69,-0.379
1,69,-0.369
2,69,-0.362
3,69,-0.364
4,69,-0.356
5,69,-0.353
6,69,-0.354
7,69,-0.354
8,69,-0.354
9,69,-0.365
10,69,-0.353
11,69,-0.351
12,69,-0.347
13,69,-0.357
14,69,-0.368
15,69,-0.369
16,69,-0.374
17,69,-0.387
18,69,-0.402
19,69,-0.411
20,69,-0.406
21,69,-0.412
22,69,-0.412
23,69,-0.402
24,69,-0.393
25,69,-0.384
26,69,-0.371
27,69,-0.366
28,69,-0.351
29,69,-0.347
30,69,-0.348
31,69,-0.341
32,69,-0.331
33,69,-0.331
34,69,-0.324
35,69,-0.314
36,69,-0.312
37,69,-0.307
38,69,-0.298
39,69,-0.299
40,69,-0.291
41,69,-0.292
42,69,-0.301
43,69,-0.304
44,69,-0.298
45,69,-0.3
46,69,-0.3
47,69,-0.289
48,69,-0.276
49,69,-0.27
50,69,-0.24
51,69,-0.222
52,69,-0.21
53,69,-0.201
54,69,-0.2
55,69,-0.204
56,69,-0.196
57,69,-0.209
58,69,-0.218
59,69,-0.219
60,69,-0.217
61,69,-0.222
62,69,-0.216
63,69,-0.215
64,69,-0.215
65,69,-0.223
66,69,-0.238
67,69,-0.253
68,69,-0.252
69,69,-0.26
70,69,-0.267
71,69,-0.281
72,69,-0.268
73,69,-0.252
74,69,-0.236
75,69,-0.227
76,69,-0.198
77,69,-0.187
78,69,-0.176
79,69,-0.173
80,69,-0.168
81,69,-0.149
82,69,-0.143
83,69,-0.133
84,69,-0.131
85,69,-0.123
86,69,-0.143
87,69,-0.161
88,69,-0.19
89,69,-0.197
90,69,-0.221
91,69,-0.226
92,69,-0.219
93,69,-0.2
94,69,-0.192
95,69,-0.175
96,69,-0.163
97,69,-0.165
98,69,-0.157
99,69,-0.168
100,69,-0.176
101,69,-0.183
102,69,-0.194
103,69,-0.21
104,69,-0.2
105,69,-0.223
106,69,-0.238
107,69,-0.242
108,69,-0.259
109,69,-0.282
110,69,-0.305
111,69,-0.319
112,69,-0.314
113,69,-0.304
114,69,-0.298
115,69,-0.289
116,69,-0.273
117,69,-0.256
118,69,-0.242
119,69,-0.256
120,69,-0.246
121,69,-0.259
122,69,-0.232
123,69,-0.216
124,69,-0.201
125,69,-0.17
126,69,-0.137
127,69,-0.148
128,69,-0.14
129,69,-0.139
130,69,-0.149
131,69,-0.143
132,69,-0.165
133,69,-0.166
134,69,-0.131
135,69,-0.109
136,69,-0.104
137,69,-0.06
138,69,-0.053
139,69,-0.084
140,69,-0.073
141,69,-0.068
142,69,-0.069
143,69,-0.085
144,69,-0.125
145,69,-0.107
146,69,-0.082
147,69,-0.06
148,69,-0.048
149,69,-0.039
150,69,-0.006
151,69,0.069
152,69,0.085
153,69,0.078
154,69,0.07
155,69,0.039
156,69,0.094
157,69,0.103
158,69,0.07
159,69,0.041
160,69,0.083
161,69,0.094
162,69,0.087
163,69,0.016
164,69,-0.011
165,69,-0.023
166,69,-0.024
167,69,0.007
168,69,0.018
169,69,0.04
170,69,0.094
171,69,0.094
172,69,0.141
173,69,0.186
174,69,0.105
175,69,0.069
176,69,0.09
177,69,0.125
178,69,0.115
179,69,0.083
180,69,-0.019
181,69,0.109
182,69,0.144
183,69,0.213
184,69,0.19
185,69,0.366
186,69,0.422
187,69,0.648
188,69,0.732
189,69,0.837
190,69,0.904
191,69,1.0
192,69,1.0
193,69,1.0
194,69,1.0
195,69,1.0
196,69,1.0
0,70,-0.351
1,70,-0.34
2,70,-0.337
3,70,-0.334
4,70,-0.322
5,70,-0.324
6,70,-0.331
7,70,-0.331
8,70,-0.343
9,70,-0.349
10,70,-0.346
11,70,-0.341
12,70,-0.332
13,70,-0.342
14,70,-0.35
15,70,-0.343
16,70,-0.347
17,70,-0.357
18,70,-0.37
19,70,-0.385
20,70,-0.384
21,70,-0.387
22,70,-0.394
23,70,-0.39
24,70,-0.387
25,70,-0.378
26,70,-0.363
27,70,-0.353
28,70,-0.344
29,70,-0.329
30,70,-0.324
31,70,-0.305
32,70,-0.301
33,70,-0.3
34,70,-0.295
35,70,-0.286
36,70,-0.283
37,70,-0.277
38,70,-0.268
39,70,-0.262
40,70,-0.256
41,70,-0.257
42,70,-0.255
43,70,-0.258
44,70,-0.258
45,70,-0.262
46,70,-0.257
47,70,-0.244
48,70,-0.226
49,70,-0.227
50,70,-0.207
51,70,-0.184
52,70,-0.174
53,70,-0.165
54,70,-0.157
55,70,-0.157
56,70,-0.151
57,70,-0.173
58,70,-0.179
59,70,-0.188
60,70,-0.201
61,70,-0.211
62,70,-0.213
63,70,-0.21
64,70,-0.189
65,70,-0.193
66,70,-0.192
67,70,-0.194
68,70,-0.195
69,70,-0.194
70,70,-0.2
71,70,-0.226
72,70,-0.218
73,70,-0.206
74,70,-0.193
75,70,-0.188
76,70,-0.176
77,70,-0.161
78,70,-0.132
79,70,-0.133
80,70,-0.137
81,70,-0.131
82,70,-0.118
83,70,-0.103
84,70,-0.1
85,70,-0.113
86,70,-0.14
87,70,-0.153
88,70,-0.166
89,70,-0.176
90,70,-0.201
91,70,-0.207
92,70,-0.191
93,70,-0.162
94,70,-0.147
95,70,-0.128
96,70,-0.13
97,70,-0.129
98,70,-0.12
99,70,-0.13
100,70,-0.139
101,70,-0.148
102,70,-0.161
103,70,-0.179
104,70,-0.171
105,70,-0.197
106,70,-0.208
107,70,-0.208
108,70,-0.227
109,70,-0.246
110,70,-0.248
111,70,-0.262
112,70,-0.258
113,70,-0.249
114,70,-0.248
115,70,-0.239
116,70,-0.23
117,70,-0.222
118,70,-0.2
119,70,-0.2
120,70,-0.192
121,70,-0.209
122,70,-0.194
123,70,-0.169
124,70,-0.151
125,70,-0.133
126,70,-0.101
127,70,-0.109
128,70,-0.104
129,70,-0.093
130,70,-0.104
131,70,-0.102
132,70,-0.11
133,70,-0.111
134,70,-0.092
135,70,-0.063
136,70,-0.079
137,70,-0.043
138,70,-0.022
139,70,-0.048
140,70,-0.068
141,70,-0.074
142,70,-0.077
143,70,-0.068
144,70,-0.104
145,70,-0.096
146,70,-0.095
147,70,-0.063
148,70,-0.043
149,70,-0.021
150,70,0.01
151,70,0.061
152,70,0.046
153,70,0.05
154,70,0.078
155,70,0.083
156,70,0.146
157,70,0.145
158,70,0.123
159,70,0.107
160,70,0.151
161,70,0.129
162,70,0.122
163,70,0.045
164,70,0.032
165,70,0.038
166,70,0.064
167,70,0.085
168,70,0.112
169,70,0.102
170,70,0.133
171,70,0.146
172,70,0.177
173,70,0.185
174,70,0.144
175,70,0.113
176,70,0.15
177,70,0.182
178,70,0.129
179,70,0.103
180,70,0.056
181,70,0.138
182,70,0.133
183,70,0.168
184,70,0.203
185,70,0.369
186,70,0.475
187,70,0.659
188,70,0.752
189,70,0.851
190,70,1.0
191,70,1.0
192,70,1.0
193,70,1.0
194,70,1.0
195,70,1.0
196,70,1.0
0,71,-0.37
1,71,-0.359
2,71,-0.359
3,71,-0.355
4,71,-0.348
5,71,-0.335
6,71,-0.326
7,71,-0.323
8,71,-0.326
9,71,-0.325
10,71,-0.316
11,71,-0.307
12,71,-0.306
13,71,-0.32
14,71,-0.311
15,71,-0.311
16,71,-0.322
17,71,-0.332
18,71,-0.346
19,71,-0.362
20,71,-0.363
21,71,-0.374
22,71,-0.371
23,71,-0.351
24,71,-0.352
25,71,-0.348
26,71,-0.328
27,71,-0.322
28,71,-0.31
29,71,-0.3
30,71,-0.303
31,71,-0.293
32,71,-0.282
33,71,-0.284
34,71,-0.281
35,71,-0.271
36,71,-0.272
37,71,-0.258
38,71,-0.238
39,71,-0.227
40,71,-0.221
41,71,-0.214
42,71,-0.22
43,71,-0.209
44,71,-0.206
45,71,-0.212
46,71,-0.218
47,71,-0.21
48,71,-0.201
49,71,-0.199
50,71,-0.189
51,71,-0.184
52,71,-0.181
53,71,-0.167
54,71,-0.152
55,71,-0.153
56,71,-0.148
57,71,-0.165
58,71,-0.176
59,71,-0.17
60,71,-0.19
61,71,-0.198
62,71,-0.187
63,71,-0.173
64,71,-0.161
65,71,-0.151
66,71,-0.154
67,71,-0.143
68,71,-0.149
69,71,-0.149
70,71,-0.167
71,71,-0.178
72,71,-0.162
73,71,-0.16
74,71,-0.146
75,71,-0.145
76,71,-0.146
77,71,-0.13
78,71,-0.108
79,71,-0.118
80,71,-0.113
81,71,-0.126
82,71,-0.116
83,71,-0.097
84,71,-0.093
85,71,-0.107
86,71,-0.135
87,71,-0.144
88,71,-0.145
89,71,-0.143
90,71,-0.167
91,71,-0.165
92,71,-0.162
93,71,-0.127
94,71,-0.116
95,71,-0.113
96,71,-0.118
97,71,-0.104
98,71,-0.106
99,71,-0.094
100,71,-0.118
101,71,-0.138
102,71,-0.144
103,71,-0.178
104,71,-0.178
105,71,-0.2
106,71,-0.225
107,71,-0.223
108,71,-0.234
109,71,-0.248
110,71,-0.232
111,71,-0.24
112,71,-0.227
113,71,-0.208
114,71,-0.2
115,71,-0.182
116,71,-0.169
117,71,-0.169
118,71,-0.172
119,71,-0.183
120,71,-0.181
121,71,-0.181
122,71,-0.18
123,71,-0.162
124,71,-0.142
125,71,-0.124
126,71,-0.094
127,71,-0.095
128,71,-0.108
129,71,-0.087
130,71,-0.087
131,71,-0.083
132,71,-0.09
133,71,-0.092
134,71,-0.087
135,71,-0.043
136,71,-0.054
137,71,-0.04
138,71,-0.02
139,71,-0.023
140,71,-0.049
141,71,-0.051
142,71,-0.063
143,71,-0.064
144,71,-0.076
145,71,-0.074
146,71,-0.083
147,71,-0.043
148,71,-0.04
149,71,-0.024
150,71,-0.009
151,71,0.015
152,71,0.004
153,71,0.002
154,71,0.044
155,71,0.081
156,71,0.126
157,71,0.129
158,71,0.107
159,71,0.102
160,71,0.137
161,71,0.112
162,71,0.108
163,71,0.061
164,71,0.081
165,71,0.096
166,71,0.137
167,71,0.158
168,71,0.184
169,71,0.134
170,71,0.151
171,71,0.128
172,71,0.158
173,71,0.156
174,71,0.157
175,71,0.113
176,71,0.147
177,71,0.195
178,71,0.156
179,71,0.152
180,71,0.131
181,71,0.154
182,71,0.21
183,71,0.29
184,71,0.283
185,71,0.449
186,71,0.555
187,71,0.7
188,71,0.807
189,71,0.847
190,71,1.0
191,71,1.0
192,71,1.0
193,71,1.0
194,71,1.0
195,71,1.0
196,71,1.0
0,72,-0.382
1,72,-0.365
2,72,-0.354
3,72,-0.36
4,72,-0.344
5,72,-0.33
6,72,-0.329
7,72,-0.319
8,72,-0.325
9,72,-0.329
10,72,-0.303
11,72,-0.3
12,72,-0.3
13,72,-0.296
14,72,-0.285
15,72,-0.289
16,72,-0.301
17,72,-0.32
18,72,-0.325
19,72,-0.331
20,72,-0.334
21,72,-0.344
22,72,-0.335
23,72,-0.32
24,72,-0.319
25,72,-0.332
26,72,-0.32
27,72,-0.306
28,72,-0.297
29,72,-0.281
30,72,-0.278
31,72,-0.26
32,72,-0.235
33,72,-0.227
34,72,-0.228
35,72,-0.213
36,72,-0.223
37,72,-0.207
38,72,-0.204
39,72,-0.205
40,72,-0.206
41,72,-0.199
42,72,-0.205
43,72,-0.188
44,72,-0.192
45,72,-0.193
46,72,-0.19
47,72,-0.183
48,72,-0.199
49,72,-0.205
50,72,-0.202
51,72,-0.199
52,72,-0.185
53,72,-0.174
54,72,-0.169
55,72,-0.156
56,72,-0.155
57,72,-0.178
58,72,-0.189
59,72,-0.197
60,72,-0.215
61,72,-0.21
62,72,-0.193
63,72,-0.179
64,72,-0.16
65,72,-0.142
66,72,-0.139
67,72,-0.116
68,72,-0.126
69,72,-0.12
70,72,-0.13
71,72,-0.132
72,72,-0.127
73,72,-0.125
74,72,-0.119
75,72,-0.12
76,72,-0.137
77,72,-0.117
78,72,-0.104
79,72,-0.11
80,72,-0.112
81,72,-0.135
82,72,-0.124
83,72,-0.111
84,72,-0.115
85,72,-0.127
86,72,-0.144
87,72,-0.146
88,72,-0.141
89,72,-0.141
90,72,-0.153
91,72,-0.167
92,72,-0.168
93,72,-0.148
94,72,-0.132
95,72,-0.142
96,72,-0.143
97,72,-0.133
98,72,-0.116
99,72,-0.098
100,72,-0.109
101,72,-0.136
102,72,-0.112
103,72,-0.127
104,72,-0.127
105,72,-0.145
106,72,-0.167
107,72,-0.16
108,72,-0.165
109,72,-0.19
110,72,-0.207
111,72,-0.215
112,72,-0.216
113,72,-0.193
114,72,-0.19
115,72,-0.166
116,72,-0.156
117,72,-0.121
118,72,-0.125
119,72,-0.133
120,72,-0.147
121,72,-0.122
122,72,-0.116
123,72,-0.107
124,72,-0.101
125,72,-0.079
126,72,-0.049
127,72,-0.042
128,72,-0.082
129,72,-0.099
130,72,-0.075
131,72,-0.08
132,72,-0.088
133,72,-0.089
134,72,-0.098
135,72,-0.046
136,72,-0.032
137,72,-0.037
138,72,-0.016
139,72,-0.033
140,72,-0.043
141,72,-0.039
142,72,-0.066
143,72,-0.059
144,72,-0.071
145,72,-0.087
146,72,-0.076
147,72,-0.044
148,72,-0.044
149,72,-0.011
150,72,0.003
151,72,0.031
152,72,0.059
153,72,0.075
154,72,0.091
155,72,0.147
156,72,0.169
157,72,0.171
158,72,0.145
159,72,0.123
160,72,0.136
161,72,0.114
162,72,0.09
163,72,0.061
164,72,0.081
165,72,0.122
166,72,0.186
167,72,0.204
168,72,0.245
169,72,0.209
170,72,0.215
171,72,0.215
172,72,0.203
173,72,0.159
174,72,0.181
175,72,0.16
176,72,0.187
177,72,0.238
178,72,0.195
179,72,0.222
180,72,0.238
181,72,0.233
182,72,0.297
183,72,0.337
184,72,0.324
185,72,0.446
186,72,0.538
187,72,0.657
188,72,0.719
189,72,0.731
190,72,1.0
191,72,0.866
192,72,0.842
193,72,0.771
194,72,0.714
195,72,0.648
196,72,0.648
0,73,-0.376
1,73,-0.363
2,73,-0.353
3,73,-0.361
4,73,-0.353
5,73,-0.342
6,73,-0.336
7,73,-0.325
8,73,-0.328
9,73,-0.327
10,73,-0.298
11,73,-0.283
12,73,-0.277
13,73,-0.268
14,73,-0.258
15,73,-0.253
16,73,-0.255
17,73,-0.266
18,73,-0.27
19,73,-0.274
20,73,-0.283
21,73,-0.284
22,73,-0.281
23,73,-0.277
24,73,-0.282
25,73,-0.298
26,73,-0.29
27,73,-0.282
28,73,-0.278
29,73,-0.265
30,73,-0.256
31,73,-0.247
32,73,-0.233
33,73,-0.235
34,73,-0.237
35,73,-0.23
36,73,-0.232
37,73,-0.227
38,73,-0.221
39,73,-0.214
40,73,-0.2
41,73,-0.185
42,73,-0.183
43,73,-0.172
44,73,-0.166
45,73,-0.153
46,73,-0.148
47,73,-0.155
48,73,-0.173
49,73,-0.184
50,73,-0.193
51,73,-0.205
52,73,-0.2
53,73,-0.196
54,73,-0.19
55,73,-0.17
56,73,-0.171
57,73,-0.188
58,73,-0.182
59,73,-0.197
60,73,-0.205
61,73,-0.197
62,73,-0.192
63,73,-0.168
64,73,-0.142
65,73,-0.137
66,73,-0.125
67,73,-0.104
68,73,-0.111
69,73,-0.093
70,73,-0.108
71,73,-0.111
72,73,-0.104
73,73,-0.104
74,73,-0.11
75,73,-0.098
76,73,-0.127
77,73,-0.112
78,73,-0.095
79,73,-0.101
80,73,-0.104
81,73,-0.125
82,73,-0.131
83,73,-0.127
84,73,-0.132
85,73,-0.156
86,73,-0.166
87,73,-0.17
88,73,-0.163
89,73,-0.165
90,73,-0.177
91,73,-0.173
92,73,-0.176
93,73,-0.169
94,73,-0.159
95,73,-0.159
96,73,-0.162
97,73,-0.143
98,73,-0.14
99,73,-0.114
100,73,-0.113
101,73,-0.12
102,73,-0.102
103,73,-0.093
104,73,-0.096
105,73,-0.109
106,73,-0.114
107,73,-0.095
108,73,-0.101
109,73,-0.114
110,73,-0.14
111,73,-0.13
112,73,-0.115
113,73,-0.102
114,73,-0.111
115,73,-0.096
116,73,-0.094
117,73,-0.06
118,73,-0.065
119,73,-0.084
120,73,-0.106
121,73,-0.102
122,73,-0.097
123,73,-0.075
124,73,-0.076
125,73,-0.077
126,73,-0.052
127,73,-0.056
128,73,-0.085
129,73,-0.094
130,73,-0.079
131,73,-0.086
132,73,-0.087
133,73,-0.086
134,73,-0.079
135,73,-0.028
136,73,-0.026
137,73,-0.04
138,73,-0.004
139,73,-0.018
140,73,-0.025
141,73,-0.018
142,73,-0.023
143,73,0.016
144,73,0.036
145,73,0.008
146,73,0.049
147,73,0.075
148,73,0.075
149,73,0.099
150,73,0.081
151,73,0.057
152,73,0.078
153,73,0.086
154,73,0.099
155,73,0.152
156,73,0.147
157,73,0.15
158,73,0.15
159,73,0.102
160,73,0.107
161,73,0.089
162,73,0.066
163,73,0.061
164,73,0.098
165,73,0.137
166,73,0.228
167,73,0.214
168,73,0.225
169,73,0.187
170,73,0.196
171,73,0.198
172,73,0.181
173,73,0.098
174,73,0.193
175,73,0.199
176,73,0.259
177,73,0.252
178,73,0.275
179,73,0.364
180,73,0.471
181,73,0.416
182,73,0.489
183,73,0.436
184,73,0.491
185,73,0.461
186,73,0.483
187,73,0.583
188,73,0.644
189,73,0.739
190,73,1.0
191,73,0.876
192,73,0.848
193,73,0.786
194,73,0.723
195,73,0.608
196,73,0.572
0,74,-0.367
1,74,-0.375
2,74,-0.381
3,74,-0.386
4,74,-0.398
5,74,-0.384
6,74,-0.374
7,74,-0.352
8,74,-0.342
9,74,-0.325
10,74,-0.291
11,74,-0.269
12,74,-0.276
13,74,-0.267
14,74,-0.265
15,74,-0.256
16,74,-0.251
17,74,-0.259
18,74,-0.261
19,74,-0.262
20,74,-0.269
21,74,-0.261
22,74,-0.25
23,74,-0.248
24,74,-0.251
25,74,-0.269
26,74,-0.261
27,74,-0.256
28,74,-0.271
29,74,-0.271
30,74,-0.265
31,74,-0.259
32,74,-0.246
33,74,-0.234
34,74,-0.231
35,74,-0.211
36,74,-0.209
37,74,-0.203
38,74,-0.201
39,74,-0.193
40,74,-0.188
41,74,-0.175
42,74,-0.168
43,74,-0.157
44,74,-0.16
45,74,-0.146
46,74,-0.139
47,74,-0.145
48,74,-0.156
49,74,-0.169
50,74,-0.18
51,74,-0.186
52,74,-0.185
53,74,-0.181
54,74,-0.172
55,74,-0.16
56,74,-0.16
57,74,-0.168
58,74,-0.156
59,74,-0.176
60,74,-0.185
61,74,-0.189
62,74,-0.179
63,74,-0.161
64,74,-0.148
65,74,-0.156
66,74,-0.133
67,74,-0.115
68,74,-0.107
69,74,-0.097
70,74,-0.105
71,74,-0.097
72,74,-0.096
73,74,-0.101
74,74,-0.099
75,74,-0.104
76,74,-0.133
77,74,-0.119
78,74,-0.115
79,74,-0.107
80,74,-0.111
81,74,-0.14
82,74,-0.141
83,74,-0.145
84,74,-0.147
85,74,-0.159
86,74,-0.167
87,74,-0.165
88,74,-0.155
89,74,-0.144
90,74,-0.144
91,74,-0.15
92,74,-0.163
93,74,-0.154
94,74,-0.153
95,74,-0.151
96,74,-0.181
97,74,-0.162
98,74,-0.164
99,74,-0.125
100,74,-0.126
101,74,-0.12
102,74,-0.111
103,74,-0.082
104,74,-0.101
105,74,-0.107
106,74,-0.11
107,74,-0.099
108,74,-0.095
109,74,-0.088
110,74,-0.091
111,74,-0.064
112,74,-0.045
113,74,-0.037
114,74,-0.044
115,74,-0.04
116,74,-0.035
117,74,-0.024
118,74,-0.02
119,74,-0.037
120,74,-0.039
121,74,-0.011
122,74,-0.016
123,74,-0.025
124,74,-0.019
125,74,-0.041
126,74,-0.042
127,74,-0.049
128,74,-0.096
129,74,-0.112
130,74,-0.078
131,74,-0.102
132,74,-0.09
133,74,-0.055
134,74,-0.054
135,74,-0.007
136,74,0.005
137,74,-0.021
138,74,0.033
139,74,0.034
140,74,0.014
141,74,0.016
142,74,0.019
143,74,0.069
144,74,0.091
145,74,0.073
146,74,0.088
147,74,0.097
148,74,0.088
149,74,0.11
150,74,0.095
151,74,0.08
152,74,0.075
153,74,0.114
154,74,0.165
155,74,0.206
156,74,0.187
157,74,0.193
158,74,0.187
159,74,0.154
160,74,0.136
161,74,0.097
162,74,0.087
163,74,0.122
164,74,0.168
165,74,0.195
166,74,0.305
167,74,0.277
168,74,0.274
169,74,0.26
170,74,0.229
171,74,0.224
172,74,0.2
173,74,0.071
174,74,0.15
175,74,0.199
176,74,0.299
177,74,0.274
178,74,0.247
179,74,0.347
180,74,0.495
181,74,0.481
182,74,0.538
183,74,0.43
184,74,0.52
185,74,0.51
186,74,0.579
187,74,0.622
188,74,0.715
189,74,0.74
190,74,1.0
191,74,0.869
192,74,0.833
193,74,0.758
194,74,0.697
195,74,0.596
196,74,0.559
0,75,-0.371
1,75,-0.374
2,75,-0.369
3,75,-0.385
4,75,-0.402
5,75,-0.375
6,75,-0.357
7,75,-0.324
8,75,-0.309
9,75,-0.297
10,75,-0.261
11,75,-0.235
12,75,-0.255
13,75,-0.243
14,75,-0.245
15,75,-0.243
16,75,-0.234
17,75,-0.221
18,75,-0.222
19,75,-0.214
20,75,-0.225
21,75,-0.232
22,75,-0.215
23,75,-0.226
24,75,-0.252
25,75,-0.274
26,75,-0.275
27,75,-0.263
28,75,-0.255
29,75,-0.265
30,75,-0.248
31,75,-0.232
32,75,-0.21
33,75,-0.188
34,75,-0.177
35,75,-0.167
36,75,-0.17
37,75,-0.164
38,75,-0.169
39,75,-0.172
40,75,-0.181
41,75,-0.185
42,75,-0.181
43,75,-0.167
44,75,-0.162
45,75,-0.142
46,75,-0.136
47,75,-0.138
48,75,-0.154
49,75,-0.165
50,75,-0.171
51,75,-0.18
52,75,-0.183
53,75,-0.174
54,75,-0.169
55,75,-0.155
56,75,-0.159
57,75,-0.155
58,75,-0.153
59,75,-0.165
60,75,-0.168
61,75,-0.177
62,75,-0.173
63,75,-0.16
64,75,-0.168
65,75,-0.179
66,75,-0.175
67,75,-0.16
68,75,-0.145
69,75,-0.134
70,75,-0.126
71,75,-0.108
72,75,-0.102
73,75,-0.098
74,75,-0.101
75,75,-0.099
76,75,-0.13
77,75,-0.134
78,75,-0.144
79,75,-0.134
80,75,-0.138
81,75,-0.153
82,75,-0.161
83,75,-0.157
84,75,-0.161
85,75,-0.16
86,75,-0.164
87,75,-0.157
88,75,-0.169
89,75,-0.162
90,75,-0.165
91,75,-0.162
92,75,-0.172
93,75,-0.177
94,75,-0.183
95,75,-0.171
96,75,-0.191
97,75,-0.178
98,75,-0.183
99,75,-0.161
100,75,-0.15
101,75,-0.134
102,75,-0.128
103,75,-0.095
104,75,-0.092
105,75,-0.09
106,75,-0.092
107,75,-0.078
108,75,-0.064
109,75,-0.043
110,75,-0.049
111,75,-0.03
112,75,-0.01
113,75,-0.002
114,75,0.004
115,75,0.008
116,75,0.01
117,75,0.023
118,75,0.025
119,75,0.014
120,75,0.012
121,75,0.008
122,75,-0.0
123,75,-0.012
124,75,0.0
125,75,-0.005
126,75,-0.002
127,75,-0.013
128,75,-0.04
129,75,-0.072
130,75,-0.062
131,75,-0.09
132,75,-0.109
133,75,-0.09
134,75,-0.063
135,75,-0.043
136,75,-0.02
137,75,-0.009
138,75,0.028
139,75,0.05
140,75,0.04
141,75,0.043
142,75,0.069
143,75,0.121
144,75,0.128
145,75,0.135
146,75,0.18
147,75,0.186
148,75,0.188
149,75,0.196
150,75,0.15
151,75,0.133
152,75,0.125
153,75,0.128
154,75,0.181
155,75,0.183
156,75,0.17
157,75,0.196
158,75,0.217
159,75,0.192
160,75,0.182
161,75,0.134
162,75,0.141
163,75,0.198
164,75,0.259
165,75,0.296
166,75,0.397
167,75,0.372
168,75,0.371
169,75,0.336
170,75,0.309
171,75,0.3
172,75,0.252
173,75,0.161
174,75,0.221
175,75,0.283
176,75,0.439
177,75,0.406
178,75,0.375
179,75,0.471
180,75,0.548
181,75,0.504
182,75,0.573
183,75,0.459
184,75,0.575
185,75,0.592
186,75,0.62
187,75,0.684
188,75,0.795
189,75,0.836
190,75,1.0
191,75,0.875
192,75,0.833
193,75,0.762
194,75,0.667
0,76,-0.382
1,76,-0.387
2,76,-0.383
3,76,-0.391
4,76,-0.4
5,76,-0.373
6,76,-0.357
7,76,-0.333
8,76,-0.317
9,76,-0.302
10,76,-0.273
11,76,-0.248
12,76,-0.262
13,76,-0.238
14,76,-0.232
15,76,-0.223
16,76,-0.215
17,76,-0.198
18,76,-0.187
19,76,-0.185
20,76,-0.195
21,76,-0.209
22,76,-0.209
23,76,-0.221
24,76,-0.259
25,76,-0.283
26,76,-0.28
27,76,-0.261
28,76,-0.247
29,76,-0.242
30,76,-0.223
31,76,-0.186
32,76,-0.171
33,76,-0.144
34,76,-0.15
35,76,-0.142
36,76,-0.144
37,76,-0.151
38,76,-0.167
39,76,-0.168
40,76,-0.165
41,76,-0.159
42,76,-0.153
43,76,-0.143
44,76,-0.124
45,76,-0.118
46,76,-0.112
47,76,-0.134
48,76,-0.154
49,76,-0.167
50,76,-0.175
51,76,-0.183
52,76,-0.173
53,76,-0.171
54,76,-0.163
55,76,-0.153
56,76,-0.153
57,76,-0.152
58,76,-0.152
59,76,-0.168
60,76,-0.16
61,76,-0.169
62,76,-0.164
63,76,-0.169
64,76,-0.167
65,76,-0.179
66,76,-0.168
67,76,-0.163
68,76,-0.146
69,76,-0.128
70,76,-0.094
71,76,-0.08
72,76,-0.077
73,76,-0.069
74,76,-0.073
75,76,-0.071
76,76,-0.107
77,76,-0.133
78,76,-0.151
79,76,-0.136
80,76,-0.153
81,76,-0.157
82,76,-0.17
83,76,-0.166
84,76,-0.16
85,76,-0.16
86,76,-0.169
87,76,-0.151
88,76,-0.166
89,76,-0.167
90,76,-0.167
91,76,-0.178
92,76,-0.174
93,76,-0.181
94,76,-0.196
95,76,-0.185
96,76,-0.204
97,76,-0.199
98,76,-0.197
99,76,-0.175
100,76,-0.157
101,76,-0.143
102,76,-0.137
103,76,-0.097
104,76,-0.098
105,76,-0.087
106,76,-0.084
107,76,-0.067
108,76,-0.028
109,76,0.004
110,76,0.004
111,76,0.033
112,76,0.062
113,76,0.072
114,76,0.084
115,76,0.075
116,76,0.064
117,76,0.078
118,76,0.083
119,76,0.075
120,76,0.068
121,76,0.036
122,76,0.017
123,76,0.01
124,76,0.014
125,76,-0.0
126,76,-0.016
127,76,-0.033
128,76,-0.028
129,76,-0.06
130,76,-0.054
131,76,-0.078
132,76,-0.086
133,76,-0.045
134,76,-0.007
135,76,0.003
136,76,0.03
137,76,0.042
138,76,0.078
139,76,0.101
140,76,0.093
141,76,0.088
142,76,0.119
143,76,0.172
144,76,0.182
145,76,0.201
146,76,0.256
147,76,0.248
148,76,0.259
149,76,0.253
150,76,0.209
151,76,0.188
152,76,0.173
153,76,0.178
154,76,0.237
155,76,0.23
156,76,0.221
157,76,0.247
158,76,0.276
159,76,0.236
160,76,0.222
161,76,0.172
162,76,0.182
163,76,0.258
164,76,0.318
165,76,0.352
166,76,0.46
167,76,0.435
168,76,0.415
169,76,0.43
170,76,0.403
171,76,0.387
172,76,0.37
173,76,0.306
174,76,0.333
175,76,0.439
176,76,0.547
177,76,0.486
178,76,0.497
179,76,0.543
180,76,0.595
181,76,0.611
182,76,0.582
183,76,0.463
184,76,0.562
185,76,0.573
186,76,0.599
187,76,0.589
188,76,0.681
189,76,0.769
190,76,0.908
191,76,0.883
192,76,0.852
193,76,0.793
194,76,0.728
195,76,0.603
196,76,0.569
0,77,-0.323
1,77,-0.35
2,77,-0.356
3,77,-0.365
4,77,-0.378
5,77,-0.343
6,77,-0.327
7,77,-0.312
8,77,-0.287
9,77,-0.257
10,77,-0.225
11,77,-0.206
12,77,-0.221
13,77,-0.205
14,77,-0.196
15,77,-0.177
16,77,-0.183
17,77,-0.166
18,77,-0.164
19,77,-0.177
20,77,-0.181
21,77,-0.198
22,77,-0.216
23,77,-0.231
24,77,-0.269
25,77,-0.282
26,77,-0.271
27,77,-0.27
28,77,-0.264
29,77,-0.254
30,77,-0.224
31,77,-0.199
32,77,-0.186
33,77,-0.17
34,77,-0.163
35,77,-0.156
36,77,-0.153
37,77,-0.169
38,77,-0.179
39,77,-0.183
40,77,-0.177
41,77,-0.173
42,77,-0.167
43,77,-0.155
44,77,-0.137
45,77,-0.128
46,77,-0.132
47,77,-0.148
48,77,-0.155
49,77,-0.164
50,77,-0.175
51,77,-0.173
52,77,-0.173
53,77,-0.154
54,77,-0.129
55,77,-0.119
56,77,-0.114
57,77,-0.108
58,77,-0.112
59,77,-0.119
60,77,-0.124
61,77,-0.162
62,77,-0.179
63,77,-0.193
64,77,-0.203
65,77,-0.223
66,77,-0.208
67,77,-0.209
68,77,-0.178
69,77,-0.165
70,77,-0.128
71,77,-0.106
72,77,-0.092
73,77,-0.085
74,77,-0.08
75,77,-0.086
76,77,-0.096
77,77,-0.119
78,77,-0.143
79,77,-0.135
80,77,-0.151
81,77,-0.15
82,77,-0.14
83,77,-0.135
84,77,-0.131
85,77,-0.136
86,77,-0.138
87,77,-0.127
88,77,-0.137
89,77,-0.154
90,77,-0.173
91,77,-0.18
92,77,-0.176
93,77,-0.19
94,77,-0.203
95,77,-0.19
96,77,-0.191
97,77,-0.173
98,77,-0.182
99,77,-0.164
100,77,-0.149
101,77,-0.131
102,77,-0.134
103,77,-0.132
104,77,-0.135
105,77,-0.112
106,77,-0.087
107,77,-0.057
108,77,-0.011
109,77,0.026
110,77,0.06
111,77,0.088
112,77,0.12
113,77,0.114
114,77,0.111
115,77,0.085
116,77,0.066
117,77,0.075
118,77,0.084
119,77,0.076
120,77,0.085
121,77,0.048
122,77,0.034
123,77,0.042
124,77,0.046
125,77,0.018
126,77,0.002
127,77,-0.02
128,77,-0.008
129,77,-0.029
130,77,-0.055
131,77,-0.089
132,77,-0.085
133,77,-0.064
134,77,-0.005
135,77,0.01
136,77,0.028
137,77,0.04
138,77,0.08
139,77,0.117
140,77,0.114
141,77,0.07
142,77,0.097
143,77,0.137
144,77,0.197
145,77,0.212
146,77,0.266
147,77,0.26
148,77,0.292
149,77,0.277
150,77,0.255
151,77,0.203
152,77,0.187
153,77,0.168
154,77,0.234
155,77,0.232
156,77,0.229
157,77,0.273
158,77,0.325
159,77,0.309
160,77,0.309
161,77,0.272
162,77,0.273
163,77,0.365
164,77,0.431
165,77,0.446
166,77,0.521
167,77,0.48
168,77,0.433
169,77,0.443
170,77,0.403
171,77,0.33
172,77,0.297
173,77,0.243
174,77,0.244
175,77,0.356
176,77,0.474
177,77,0.435
178,77,0.478
179,77,0.511
180,77,0.552
181,77,0.659
182,77,0.636
183,77,0.535
184,77,0.63
185,77,0.637
186,77,0.685
187,77,0.688
188,77,0.716
189,77,0.799
190,77,0.92
191,77,1.0
192,77,1.0
193,77,1.0
194,77,1.0
195,77,1.0
0,78,-0.28
1,78,-0.311
2,78,-0.334
3,78,-0.352
4,78,-0.353
5,78,-0.326
6,78,-0.317
7,78,-0.306
8,78,-0.279
9,78,-0.244
10,78,-0.214
11,78,-0.211
12,78,-0.224
13,78,-0.223
14,78,-0.216
15,78,-0.196
16,78,-0.204
17,78,-0.195
18,78,-0.191
19,78,-0.198
20,78,-0.193
21,78,-0.209
22,78,-0.234
23,78,-0.244
24,78,-0.26
25,78,-0.267
26,78,-0.261
27,78,-0.26
28,78,-0.26
29,78,-0.242
30,78,-0.205
31,78,-0.184
32,78,-0.16
33,78,-0.137
34,78,-0.126
35,78,-0.101
36,78,-0.104
37,78,-0.12
38,78,-0.13
39,78,-0.148
40,78,-0.153
41,78,-0.152
42,78,-0.16
43,78,-0.151
44,78,-0.133
45,78,-0.129
46,78,-0.127
47,78,-0.127
48,78,-0.13
49,78,-0.137
50,78,-0.141
51,78,-0.142
52,78,-0.137
53,78,-0.116
54,78,-0.1
55,78,-0.1
56,78,-0.094
57,78,-0.084
58,78,-0.096
59,78,-0.098
60,78,-0.115
61,78,-0.144
62,78,-0.16
63,78,-0.172
64,78,-0.189
65,78,-0.201
66,78,-0.197
67,78,-0.187
68,78,-0.161
69,78,-0.151
70,78,-0.125
71,78,-0.112
72,78,-0.102
73,78,-0.1
74,78,-0.101
75,78,-0.119
76,78,-0.118
77,78,-0.127
78,78,-0.142
79,78,-0.131
80,78,-0.139
81,78,-0.129
82,78,-0.119
83,78,-0.118
84,78,-0.121
85,78,-0.117
86,78,-0.117
87,78,-0.103
88,78,-0.109
89,78,-0.124
90,78,-0.133
91,78,-0.15
92,78,-0.151
93,78,-0.158
94,78,-0.167
95,78,-0.165
96,78,-0.147
97,78,-0.135
98,78,-0.128
99,78,-0.117
100,78,-0.109
101,78,-0.096
102,78,-0.094
103,78,-0.097
104,78,-0.104
105,78,-0.074
106,78,-0.06
107,78,-0.043
108,78,-0.0
109,78,0.033
110,78,0.068
111,78,0.097
112,78,0.096
113,78,0.111
114,78,0.118
115,78,0.099
116,78,0.075
117,78,0.08
118,78,0.084
119,78,0.092
120,78,0.091
121,78,0.081
122,78,0.088
123,78,0.095
124,78,0.1
125,78,0.099
126,78,0.09
127,78,0.074
128,78,0.043
129,78,-0.016
130,78,-0.065
131,78,-0.109
132,78,-0.125
133,78,-0.113
134,78,-0.073
135,78,-0.041
136,78,0.001
137,78,0.045
138,78,0.068
139,78,0.103
140,78,0.101
141,78,0.072
142,78,0.087
143,78,0.101
144,78,0.144
145,78,0.182
146,78,0.21
147,78,0.22
148,78,0.25
149,78,0.245
150,78,0.255
151,78,0.231
152,78,0.222
153,78,0.239
154,78,0.269
155,78,0.277
156,78,0.289
157,78,0.321
158,78,0.355
159,78,0.361
160,78,0.343
161,78,0.352
162,78,0.353
163,78,0.448
164,78,0.492
165,78,0.541
166,78,0.605
167,78,0.573
168,78,0.547
169,78,0.566
170,78,0.518
171,78,0.459
172,78,0.42
173,78,0.408
174,78,0.362
175,78,0.476
176,78,0.561
177,78,0.538
178,78,0.598
179,78,0.628
180,78,0.61
181,78,0.766
182,78,0.684
183,78,0.593
184,78,0.681
185,78,0.697
186,78,0.729
187,78,0.686
188,78,0.714
189,78,0.795
190,78,0.917
191,78,1.0
192,78,1.0
193,78,1.0
194,78,1.0
195,78,1.0
196,78,1.0
0,79,-0.329
1,79,-0.34
2,79,-0.353
3,79,-0.358
4,79,-0.338
5,79,-0.321
6,79,-0.302
7,79,-0.291
8,79,-0.274
9,79,-0.241
10,79,-0.231
11,79,-0.238
12,79,-0.236
13,79,-0.231
14,79,-0.206
15,79,-0.181
16,79,-0.187
17,79,-0.169
18,79,-0.16
19,79,-0.16
20,79,-0.162
21,79,-0.187
22,79,-0.216
23,79,-0.227
24,79,-0.252
25,79,-0.258
26,79,-0.262
27,79,-0.25
28,79,-0.245
29,79,-0.22
30,79,-0.187
31,79,-0.146
32,79,-0.131
33,79,-0.107
34,79,-0.102
35,79,-0.079
36,79,-0.078
37,79,-0.091
38,79,-0.109
39,79,-0.119
40,79,-0.131
41,79,-0.133
42,79,-0.143
43,79,-0.138
44,79,-0.129
45,79,-0.135
46,79,-0.137
47,79,-0.133
48,79,-0.147
49,79,-0.152
50,79,-0.155
51,79,-0.157
52,79,-0.153
53,79,-0.131
54,79,-0.124
55,79,-0.115
56,79,-0.111
57,79,-0.094
58,79,-0.105
59,79,-0.094
60,79,-0.103
61,79,-0.106
62,79,-0.116
63,79,-0.135
64,79,-0.165
65,79,-0.16
66,79,-0.161
67,79,-0.16
68,79,-0.148
69,79,-0.133
70,79,-0.107
71,79,-0.09
72,79,-0.08
73,79,-0.078
74,79,-0.084
75,79,-0.094
76,79,-0.096
77,79,-0.102
78,79,-0.108
79,79,-0.114
80,79,-0.123
81,79,-0.118
82,79,-0.122
83,79,-0.121
84,79,-0.126
85,79,-0.123
86,79,-0.108
87,79,-0.089
88,79,-0.077
89,79,-0.086
90,79,-0.098
91,79,-0.12
92,79,-0.12
93,79,-0.142
94,79,-0.15
95,79,-0.149
96,79,-0.128
97,79,-0.12
98,79,-0.094
99,79,-0.109
100,79,-0.095
101,79,-0.09
102,79,-0.097
103,79,-0.112
104,79,-0.109
105,79,-0.073
106,79,-0.028
107,79,0.009
108,79,0.044
109,79,0.073
110,79,0.093
111,79,0.118
112,79,0.106
113,79,0.108
114,79,0.092
115,79,0.087
116,79,0.067
117,79,0.098
118,79,0.097
119,79,0.108
120,79,0.094
121,79,0.084
122,79,0.076
123,79,0.095
124,79,0.097
125,79,0.1
126,79,0.082
127,79,0.067
128,79,0.052
129,79,0.021
130,79,-0.044
131,79,-0.067
132,79,-0.083
133,79,-0.063
134,79,-0.007
135,79,0.017
136,79,0.043
137,79,0.072
138,79,0.054
139,79,0.08
140,79,0.06
141,79,0.034
142,79,0.058
143,79,0.084
144,79,0.136
145,79,0.191
146,79,0.224
147,79,0.257
148,79,0.271
149,79,0.271
150,79,0.26
151,79,0.269
152,79,0.264
153,79,0.256
154,79,0.26
155,79,0.293
156,79,0.289
157,79,0.314
158,79,0.348
159,79,0.382
160,79,0.408
161,79,0.429
162,79,0.425
163,79,0.495
164,79,0.537
165,79,0.568
166,79,0.596
167,79,0.563
168,79,0.57
169,79,0.588
170,79,0.557
171,79,0.537
172,79,0.531
173,79,0.512
174,79,0.489
175,79,0.531
176,79,0.555
177,79,0.524
178,79,0.572
179,79,0.6
180,79,0.633
181,79,0.723
182,79,0.674
183,79,0.611
184,79,0.699
185,79,0.712
186,79,0.736
187,79,0.691
188,79,0.715
189,79,0.794
190,79,0.918
191,79,1.0
192,79,1.0
193,79,1.0
194,79,1.0
195,79,1.0
196,79,1.0
0,80,-0.28
1,80,-0.319
2,80,-0.349
3,80,-0.358
4,80,-0.357
5,80,-0.357
6,80,-0.346
7,80,-0.353
8,80,-0.332
9,80,-0.299
10,80,-0.283
11,80,-0.284
12,80,-0.272
13,80,-0.283
14,80,-0.261
15,80,-0.236
16,80,-0.245
17,80,-0.239
18,80,-0.212
19,80,-0.211
20,80,-0.2
21,80,-0.204
22,80,-0.225
23,80,-0.22
24,80,-0.228
25,80,-0.246
26,80,-0.259
27,80,-0.265
28,80,-0.266
29,80,-0.246
30,80,-0.215
31,80,-0.188
32,80,-0.168
33,80,-0.143
34,80,-0.125
35,80,-0.098
36,80,-0.091
37,80,-0.101
38,80,-0.111
39,80,-0.114
40,80,-0.114
41,80,-0.117
42,80,-0.132
43,80,-0.129
44,80,-0.127
45,80,-0.137
46,80,-0.142
47,80,-0.149
48,80,-0.166
49,80,-0.173
50,80,-0.175
51,80,-0.174
52,80,-0.16
53,80,-0.146
54,80,-0.123
55,80,-0.106
56,80,-0.093
57,80,-0.082
58,80,-0.088
59,80,-0.076
60,80,-0.079
61,80,-0.088
62,80,-0.085
63,80,-0.102
64,80,-0.114
65,80,-0.105
66,80,-0.096
67,80,-0.099
68,80,-0.097
69,80,-0.096
70,80,-0.079
71,80,-0.082
72,80,-0.082
73,80,-0.095
74,80,-0.104
75,80,-0.108
76,80,-0.106
77,80,-0.103
78,80,-0.093
79,80,-0.097
80,80,-0.103
81,80,-0.096
82,80,-0.113
83,80,-0.106
84,80,-0.103
85,80,-0.11
86,80,-0.095
87,80,-0.087
88,80,-0.063
89,80,-0.052
90,80,-0.053
91,80,-0.079
92,80,-0.09
93,80,-0.095
94,80,-0.109
95,80,-0.115
96,80,-0.095
97,80,-0.09
98,80,-0.064
99,80,-0.051
100,80,-0.055
101,80,-0.036
102,80,-0.037
103,80,-0.063
104,80,-0.085
105,80,-0.05
106,80,0.005
107,80,0.057
108,80,0.085
109,80,0.099
110,80,0.127
111,80,0.166
112,80,0.145
113,80,0.13
114,80,0.098
115,80,0.098
116,80,0.102
117,80,0.122
118,80,0.124
119,80,0.133
120,80,0.114
121,80,0.131
122,80,0.152
123,80,0.155
124,80,0.159
125,80,0.162
126,80,0.144
127,80,0.123
128,80,0.107
129,80,0.07
130,80,0.017
131,80,-0.017
132,80,-0.039
133,80,-0.012
134,80,0.037
135,80,0.032
136,80,0.055
137,80,0.066
138,80,0.055
139,80,0.093
140,80,0.075
141,80,0.047
142,80,0.071
143,80,0.069
144,80,0.138
145,80,0.198
146,80,0.212
147,80,0.252
148,80,0.285
149,80,0.305
150,80,0.297
151,80,0.294
152,80,0.285
153,80,0.272
154,80,0.252
155,80,0.268
156,80,0.26
157,80,0.299
158,80,0.354
159,80,0.401
160,80,0.452
161,80,0.472
162,80,0.472
163,80,0.529
164,80,0.56
165,80,0.569
166,80,0.591
167,80,0.572
168,80,0.593
169,80,0.624
170,80,0.619
171,80,0.597
172,80,0.595
173,80,0.547
174,80,0.503
175,80,0.533
176,80,0.531
177,80,0.537
178,80,0.592
179,80,0.622
180,80,0.683
181,80,0.795
182,80,0.75
183,80,0.703
184,80,0.713
185,80,0.716
186,80,0.735
187,80,0.692
188,80,0.657
189,80,0.783
190,80,0.912
191,80,1.0
192,80,1.0
193,80,1.0
194,80,1.0
195,80,1.0
196,80,1.0
197,80,1.0
0,81,-0.357
1,81,-0.379
2,81,-0.4
3,81,-0.405
4,81,-0.39
5,81,-0.381
6,81,-0.363
7,81,-0.36
8,81,-0.344
9,81,-0.314
10,81,-0.306
11,81,-0.324
12,81,-0.316
13,81,-0.332
14,81,-0.314
15,81,-0.285
16,81,-0.281
17,81,-0.266
18,81,-0.25
19,81,-0.25
20,81,-0.232
21,81,-0.224
22,81,-0.229
23,81,-0.246
24,81,-0.248
25,81,-0.244
26,81,-0.246
27,81,-0.254
28,81,-0.267
29,81,-0.271
30,81,-0.227
31,81,-0.213
32,81,-0.197
33,81,-0.182
34,81,-0.159
35,81,-0.138
36,81,-0.121
37,81,-0.141
38,81,-0.15
39,81,-0.158
40,81,-0.16
41,81,-0.169
42,81,-0.179
43,81,-0.186
44,81,-0.192
45,81,-0.19
46,81,-0.186
47,81,-0.184
48,81,-0.183
49,81,-0.188
50,81,-0.187
51,81,-0.171
52,81,-0.156
53,81,-0.144
54,81,-0.131
55,81,-0.121
56,81,-0.102
57,81,-0.084
58,81,-0.087
59,81,-0.085
60,81,-0.093
61,81,-0.107
62,81,-0.118
63,81,-0.127
64,81,-0.132
65,81,-0.123
66,81,-0.12
67,81,-0.118
68,81,-0.104
69,81,-0.104
70,81,-0.104
71,81,-0.122
72,81,-0.126
73,81,-0.137
74,81,-0.151
75,81,-0.161
76,81,-0.142
77,81,-0.13
78,81,-0.108
79,81,-0.111
80,81,-0.102
81,81,-0.084
82,81,-0.083
83,81,-0.083
84,81,-0.083
85,81,-0.086
86,81,-0.066
87,81,-0.075
88,81,-0.056
89,81,-0.048
90,81,-0.046
91,81,-0.066
92,81,-0.075
93,81,-0.085
94,81,-0.083
95,81,-0.095
96,81,-0.082
97,81,-0.082
98,81,-0.06
99,81,-0.071
100,81,-0.065
101,81,-0.042
102,81,-0.027
103,81,-0.039
104,81,-0.042
105,81,0.003
106,81,0.085
107,81,0.116
108,81,0.116
109,81,0.127
110,81,0.14
111,81,0.162
112,81,0.114
113,81,0.081
114,81,0.06
115,81,0.073
116,81,0.083
117,81,0.106
118,81,0.114
119,81,0.141
120,81,0.139
121,81,0.181
122,81,0.21
123,81,0.213
124,81,0.219
125,81,0.224
126,81,0.21
127,81,0.192
128,81,0.147
129,81,0.104
130,81,0.051
131,81,0.01
132,81,-0.024
133,81,-0.006
134,81,0.022
135,81,0.018
136,81,0.057
137,81,0.076
138,81,0.093
139,81,0.15
140,81,0.131
141,81,0.123
142,81,0.138
143,81,0.134
144,81,0.189
145,81,0.235
146,81,0.232
147,81,0.28
148,81,0.313
149,81,0.356
150,81,0.379
151,81,0.393
152,81,0.384
153,81,0.368
154,81,0.32
155,81,0.331
156,81,0.328
157,81,0.355
158,81,0.399
159,81,0.449
160,81,0.498
161,81,0.564
162,81,0.579
163,81,0.616
164,81,0.61
165,81,0.602
166,81,0.613
167,81,0.604
168,81,0.622
169,81,0.618
170,81,0.597
171,81,0.611
172,81,0.606
173,81,0.538
174,81,0.537
175,81,0.553
176,81,0.595
177,81,0.603
178,81,0.616
179,81,0.627
180,81,0.704
181,81,0.774
182,81,0.752
183,81,0.738
184,81,0.784
185,81,0.798
186,81,0.861
187,81,0.845
188,81,0.831
189,81,0.93
190,81,1.0
191,81,1.0
192,81,1.0
193,81,1.0
194,81,1.0
195,81,1.0
196,81,1.0
0,82,-0.436
1,82,-0.439
2,82,-0.46
3,82,-0.459
4,82,-0.454
5,82,-0.447
6,82,-0.43
7,82,-0.404
8,82,-0.389
9,82,-0.358
10,82,-0.351
11,82,-0.346
12,82,-0.342
13,82,-0.358
14,82,-0.352
15,82,-0.329
16,82,-0.322
17,82,-0.313
18,82,-0.299
19,82,-0.274
20,82,-0.263
21,82,-0.248
22,82,-0.24
23,82,-0.236
24,82,-0.223
25,82,-0.208
26,82,-0.218
27,82,-0.211
28,82,-0.225
29,82,-0.245
30,82,-0.231
31,82,-0.218
32,82,-0.212
33,82,-0.192
34,82,-0.182
35,82,-0.169
36,82,-0.142
37,82,-0.145
38,82,-0.151
39,82,-0.15
40,82,-0.156
41,82,-0.16
42,82,-0.161
43,82,-0.169
44,82,-0.176
45,82,-0.185
46,82,-0.19
47,82,-0.188
48,82,-0.19
49,82,-0.181
50,82,-0.172
51,82,-0.149
52,82,-0.127
53,82,-0.118
54,82,-0.109
55,82,-0.098
56,82,-0.09
57,82,-0.084
58,82,-0.092
59,82,-0.081
60,82,-0.069
61,82,-0.064
62,82,-0.067
63,82,-0.069
64,82,-0.078
65,82,-0.072
66,82,-0.077
67,82,-0.074
68,82,-0.068
69,82,-0.061
70,82,-0.071
71,82,-0.078
72,82,-0.086
73,82,-0.11
74,82,-0.139
75,82,-0.153
76,82,-0.149
77,82,-0.137
78,82,-0.12
79,82,-0.114
80,82,-0.094
81,82,-0.078
82,82,-0.081
83,82,-0.08
84,82,-0.063
85,82,-0.046
86,82,-0.042
87,82,-0.045
88,82,-0.033
89,82,-0.027
90,82,-0.018
91,82,-0.058
92,82,-0.076
93,82,-0.068
94,82,-0.071
95,82,-0.088
96,82,-0.085
97,82,-0.094
98,82,-0.06
99,82,-0.056
100,82,-0.058
101,82,-0.03
102,82,0.001
103,82,0.024
104,82,0.037
105,82,0.074
106,82,0.123
107,82,0.122
108,82,0.114
109,82,0.119
110,82,0.125
111,82,0.138
112,82,0.1
113,82,0.079
114,82,0.092
115,82,0.114
116,82,0.133
117,82,0.148
118,82,0.148
119,82,0.178
120,82,0.178
121,82,0.211
122,82,0.237
123,82,0.24
124,82,0.243
125,82,0.25
126,82,0.229
127,82,0.222
128,82,0.182
129,82,0.132
130,82,0.105
131,82,0.074
132,82,0.036
133,82,0.039
134,82,0.028
135,82,0.035
136,82,0.081
137,82,0.068
138,82,0.06
139,82,0.119
140,82,0.109
141,82,0.128
142,82,0.148
143,82,0.144
144,82,0.19
145,82,0.248
146,82,0.24
147,82,0.308
148,82,0.327
149,82,0.365
150,82,0.39
151,82,0.413
152,82,0.417
153,82,0.414
154,82,0.343
155,82,0.36
156,82,0.364
157,82,0.367
158,82,0.398
159,82,0.429
160,82,0.486
161,82,0.568
162,82,0.616
163,82,0.643
164,82,0.654
165,82,0.648
166,82,0.667
167,82,0.674
168,82,0.682
169,82,0.661
170,82,0.643
171,82,0.687
172,82,0.682
173,82,0.635
174,82,0.663
175,82,0.694
176,82,0.721
177,82,0.721
178,82,0.69
179,82,0.704
180,82,0.771
181,82,0.767
182,82,0.738
183,82,0.72
184,82,0.767
185,82,0.784
186,82,0.848
187,82,0.835
188,82,0.821
189,82,0.926
190,82,1.0
191,82,1.0
192,82,1.0
193,82,1.0
194,82,1.0
195,82,1.0
196,82,1.0
0,83,-0.499
1,83,-0.5
2,83,-0.511
3,83,-0.501
4,83,-0.513
5,83,-0.51
6,83,-0.49
7,83,-0.468
8,83,-0.449
9,83,-0.414
10,83,-0.414
11,83,-0.399
12,83,-0.385
13,83,-0.375
14,83,-0.373
15,83,-0.358
16,83,-0.351
17,83,-0.322
18,83,-0.292
19,83,-0.269
20,83,-0.266
21,83,-0.253
22,83,-0.237
23,83,-0.228
24,83,-0.239
25,83,-0.248
26,83,-0.264
27,83,-0.261
28,83,-0.258
29,83,-0.276
30,83,-0.275
31,83,-0.256
32,83,-0.244
33,83,-0.235
34,83,-0.229
35,83,-0.234
36,83,-0.217
37,83,-0.207
38,83,-0.192
39,83,-0.178
40,83,-0.162
41,83,-0.163
42,83,-0.157
43,83,-0.152
44,83,-0.174
45,83,-0.196
46,83,-0.202
47,83,-0.219
48,83,-0.218
49,83,-0.202
50,83,-0.186
51,83,-0.155
52,83,-0.137
53,83,-0.127
54,83,-0.099
55,83,-0.08
56,83,-0.069
57,83,-0.081
58,83,-0.094
59,83,-0.087
60,83,-0.061
61,83,-0.058
62,83,-0.067
63,83,-0.075
64,83,-0.081
65,83,-0.068
66,83,-0.066
67,83,-0.078
68,83,-0.083
69,83,-0.07
70,83,-0.07
71,83,-0.058
72,83,-0.061
73,83,-0.076
74,83,-0.099
75,83,-0.104
76,83,-0.11
77,83,-0.118
78,83,-0.127
79,83,-0.128
80,83,-0.11
81,83,-0.1
82,83,-0.085
83,83,-0.076
84,83,-0.048
85,83,-0.019
86,83,-0.017
87,83,-0.021
88,83,-0.011
89,83,-0.022
90,83,-0.004
91,83,-0.035
92,83,-0.047
93,83,-0.052
94,83,-0.062
95,83,-0.078
96,83,-0.08
97,83,-0.093
98,83,-0.053
99,83,-0.033
100,83,0.014
101,83,0.049
102,83,0.087
103,83,0.113
104,83,0.124
105,83,0.134
106,83,0.165
107,83,0.138
108,83,0.125
109,83,0.117
110,83,0.127
111,83,0.141
112,83,0.139
113,83,0.121
114,83,0.143
115,83,0.152
116,83,0.189
117,83,0.192
118,83,0.199
119,83,0.229
120,83,0.221
121,83,0.241
122,83,0.275
123,83,0.256
124,83,0.26
125,83,0.23
126,83,0.189
127,83,0.197
128,83,0.182
129,83,0.132
130,83,0.129
131,83,0.111
132,83,0.101
133,83,0.117
134,83,0.101
135,83,0.07
136,83,0.122
137,83,0.093
138,83,0.103
139,83,0.152
140,83,0.137
141,83,0.158
142,83,0.187
143,83,0.185
144,83,0.251
145,83,0.303
146,83,0.301
147,83,0.354
148,83,0.364
149,83,0.399
150,83,0.404
151,83,0.416
152,83,0.407
153,83,0.408
154,83,0.346
155,83,0.358
156,83,0.363
157,83,0.392
158,83,0.423
159,83,0.469
160,83,0.505
161,83,0.596
162,83,0.63
163,83,0.665
164,83,0.662
165,83,0.638
166,83,0.619
167,83,0.651
168,83,0.637
169,83,0.631
170,83,0.606
171,83,0.666
172,83,0.656
173,83,0.61
174,83,0.645
175,83,0.656
176,83,0.702
177,83,0.712
178,83,0.681
179,83,0.68
180,83,0.767
181,83,0.771
182,83,0.804
183,83,0.789
184,83,0.806
185,83,0.826
186,83,0.9
187,83,0.898
188,83,0.882
189,83,0.929
190,83,1.0
191,83,1.0
192,83,1.0
193,83,1.0
194,83,1.0
195,83,1.0
196,83,1.0
0,84,-0.51
1,84,-0.525
2,84,-0.525
3,84,-0.53
4,84,-0.542
5,84,-0.537
6,84,-0.534
7,84,-0.528
8,84,-0.508
9,84,-0.493
10,84,-0.478
11,84,-0.452
12,84,-0.435
13,84,-0.419
14,84,-0.405
15,84,-0.378
16,84,-0.369
17,84,-0.351
18,84,-0.333
19,84,-0.326
20,84,-0.32
21,84,-0.304
22,84,-0.308
23,84,-0.287
24,84,-0.28
25,84,-0.292
26,84,-0.295
27,84,-0.313
28,84,-0.3
29,84,-0.3
30,84,-0.308
31,84,-0.314
32,84,-0.286
33,84,-0.266
34,84,-0.241
35,84,-0.258
36,84,-0.248
37,84,-0.236
38,84,-0.201
39,84,-0.182
40,84,-0.176
41,84,-0.175
42,84,-0.163
43,84,-0.151
44,84,-0.152
45,84,-0.174
46,84,-0.193
47,84,-0.199
48,84,-0.194
49,84,-0.174
50,84,-0.172
51,84,-0.149
52,84,-0.115
53,84,-0.104
54,84,-0.094
55,84,-0.081
56,84,-0.073
57,84,-0.072
58,84,-0.079
59,84,-0.091
60,84,-0.07
61,84,-0.061
62,84,-0.065
63,84,-0.073
64,84,-0.065
65,84,-0.057
66,84,-0.045
67,84,-0.047
68,84,-0.05
69,84,-0.049
70,84,-0.05
71,84,-0.049
72,84,-0.059
73,84,-0.084
74,84,-0.111
75,84,-0.118
76,84,-0.118
77,84,-0.118
78,84,-0.129
79,84,-0.117
80,84,-0.089
81,84,-0.065
82,84,-0.039
83,84,-0.025
84,84,-0.001
85,84,0.031
86,84,0.023
87,84,0.019
88,84,0.018
89,84,0.005
90,84,0.024
91,84,0.007
92,84,-0.006
93,84,-0.014
94,84,-0.023
95,84,-0.037
96,84,-0.031
97,84,-0.046
98,84,-0.006
99,84,0.025
100,84,0.071
101,84,0.102
102,84,0.133
103,84,0.155
104,84,0.177
105,84,0.167
106,84,0.177
107,84,0.14
108,84,0.131
109,84,0.134
110,84,0.153
111,84,0.156
112,84,0.157
113,84,0.143
114,84,0.181
115,84,0.18
116,84,0.206
117,84,0.196
118,84,0.209
119,84,0.244
120,84,0.251
121,84,0.26
122,84,0.3
123,84,0.301
124,84,0.265
125,84,0.215
126,84,0.185
127,84,0.19
128,84,0.177
129,84,0.125
130,84,0.12
131,84,0.133
132,84,0.146
133,84,0.118
134,84,0.107
135,84,0.093
136,84,0.145
137,84,0.127
138,84,0.147
139,84,0.182
140,84,0.224
141,84,0.24
142,84,0.266
143,84,0.244
144,84,0.298
145,84,0.339
146,84,0.349
147,84,0.384
148,84,0.389
149,84,0.416
150,84,0.47
151,84,0.48
152,84,0.494
153,84,0.503
154,84,0.443
155,84,0.454
156,84,0.484
157,84,0.513
158,84,0.528
159,84,0.556
160,84,0.582
161,84,0.66
162,84,0.687
163,84,0.684
164,84,0.666
165,84,0.669
166,84,0.661
167,84,0.681
168,84,0.666
169,84,0.656
170,84,0.656
171,84,0.658
172,84,0.635
173,84,0.601
174,84,0.64
175,84,0.659
176,84,0.708
177,84,0.72
178,84,0.749
179,84,0.75
180,84,0.796
181,84,0.805
182,84,0.84
183,84,0.827
184,84,0.848
185,84,0.874
186,84,0.901
187,84,0.899
188,84,0.884
189,84,0.931
190,84,1.0
191,84,1.0
192,84,1.0
193,84,1.0
194,84,1.0
195,84,1.0
196,84,1.0
0,85,-0.587
1,85,-0.575
2,85,-0.561
3,85,-0.541
4,85,-0.512
5,85,-0.482
6,85,-0.478
7,85,-0.456
8,85,-0.443
9,85,-0.427
10,85,-0.423
11,85,-0.413
12,85,-0.402
13,85,-0.368
14,85,-0.352
15,85,-0.337
16,85,-0.327
17,85,-0.307
18,85,-0.316
19,85,-0.321
20,85,-0.314
21,85,-0.307
22,85,-0.305
23,85,-0.277
24,85,-0.266
25,85,-0.254
26,85,-0.237
27,85,-0.241
28,85,-0.229
29,85,-0.23
30,85,-0.247
31,85,-0.248
32,85,-0.232
33,85,-0.234
34,85,-0.23
35,85,-0.237
36,85,-0.218
37,85,-0.201
38,85,-0.18
39,85,-0.161
40,85,-0.135
41,85,-0.123
42,85,-0.121
43,85,-0.117
44,85,-0.122
45,85,-0.136
46,85,-0.153
47,85,-0.166
48,85,-0.159
49,85,-0.137
50,85,-0.132
51,85,-0.116
52,85,-0.102
53,85,-0.091
54,85,-0.089
55,85,-0.08
56,85,-0.084
57,85,-0.093
58,85,-0.1
59,85,-0.101
60,85,-0.091
61,85,-0.083
62,85,-0.094
63,85,-0.096
64,85,-0.087
65,85,-0.081
66,85,-0.074
67,85,-0.069
68,85,-0.056
69,85,-0.046
70,85,-0.046
71,85,-0.027
72,85,-0.029
73,85,-0.046
74,85,-0.067
75,85,-0.093
76,85,-0.087
77,85,-0.082
78,85,-0.114
79,85,-0.097
80,85,-0.075
81,85,-0.045
82,85,-0.004
83,85,-0.005
84,85,0.007
85,85,0.038
86,85,0.036
87,85,0.039
88,85,0.038
89,85,0.016
90,85,0.012
91,85,0.002
92,85,0.015
93,85,0.001
94,85,0.004
95,85,-0.021
96,85,-0.012
97,85,-0.015
98,85,0.018
99,85,0.021
100,85,0.058
101,85,0.064
102,85,0.101
103,85,0.115
104,85,0.164
105,85,0.158
106,85,0.16
107,85,0.121
108,85,0.109
109,85,0.117
110,85,0.134
111,85,0.128
112,85,0.149
113,85,0.145
114,85,0.19
115,85,0.194
116,85,0.206
117,85,0.214
118,85,0.207
119,85,0.241
120,85,0.264
121,85,0.264
122,85,0.293
123,85,0.291
124,85,0.243
125,85,0.205
126,85,0.159
127,85,0.174
128,85,0.168
129,85,0.133
130,85,0.152
131,85,0.195
132,85,0.231
133,85,0.208
134,85,0.183
135,85,0.184
136,85,0.232
137,85,0.197
138,85,0.205
139,85,0.224
140,85,0.263
141,85,0.297
142,85,0.308
143,85,0.287
144,85,0.327
145,85,0.33
146,85,0.345
147,85,0.361
148,85,0.347
149,85,0.384
150,85,0.454
151,85,0.493
152,85,0.532
153,85,0.556
154,85,0.531
155,85,0.549
156,85,0.555
157,85,0.572
158,85,0.554
159,85,0.574
160,85,0.587
161,85,0.661
162,85,0.677
163,85,0.681
164,85,0.647
165,85,0.641
166,85,0.618
167,85,0.614
168,85,0.573
169,85,0.543
170,85,0.525
171,85,0.522
172,85,0.53
173,85,0.555
174,85,0.608
175,85,0.628
176,85,0.701
177,85,0.733
178,85,0.776
179,85,0.762
180,85,0.781
181,85,0.812
182,85,0.874
183,85,0.861
184,85,0.887
185,85,0.918
186,85,0.951
187,85,0.947
188,85,0.94
189,85,0.931
190,85,1.0
191,85,1.0
192,85,1.0
193,85,1.0
194,85,1.0
195,85,1.0
196,85,1.0
0,86,-0.572
1,86,-0.571
2,86,-0.558
3,86,-0.552
4,86,-0.55
5,86,-0.517
6,86,-0.525
7,86,-0.497
8,86,-0.477
9,86,-0.472
10,86,-0.442
11,86,-0.408
12,86,-0.408
13,86,-0.378
14,86,-0.363
15,86,-0.355
16,86,-0.348
17,86,-0.348
18,86,-0.343
19,86,-0.322
20,86,-0.326
21,86,-0.328
22,86,-0.331
23,86,-0.292
24,86,-0.256
25,86,-0.262
26,86,-0.265
27,86,-0.258
28,86,-0.238
29,86,-0.219
30,86,-0.245
31,86,-0.275
32,86,-0.256
33,86,-0.24
34,86,-0.223
35,86,-0.214
36,86,-0.191
37,86,-0.151
38,86,-0.113
39,86,-0.101
40,86,-0.102
41,86,-0.1
42,86,-0.108
43,86,-0.102
44,86,-0.107
45,86,-0.114
46,86,-0.122
47,86,-0.117
48,86,-0.114
49,86,-0.095
50,86,-0.099
51,86,-0.097
52,86,-0.1
53,86,-0.088
54,86,-0.08
55,86,-0.072
56,86,-0.085
57,86,-0.091
58,86,-0.094
59,86,-0.073
60,86,-0.06
61,86,-0.045
62,86,-0.036
63,86,-0.026
64,86,-0.011
65,86,-0.007
66,86,-0.011
67,86,-0.011
68,86,-0.013
69,86,-0.009
70,86,-0.009
71,86,0.011
72,86,0.021
73,86,0.013
74,86,-0.004
75,86,-0.014
76,86,-0.031
77,86,-0.03
78,86,-0.074
79,86,-0.076
80,86,-0.078
81,86,-0.063
82,86,-0.042
83,86,-0.03
84,86,-0.015
85,86,0.03
86,86,0.042
87,86,0.063
88,86,0.066
89,86,0.047
90,86,0.047
91,86,0.038
92,86,0.026
93,86,0.024
94,86,0.007
95,86,-0.019
96,86,-0.003
97,86,0.007
98,86,0.039
99,86,0.067
100,86,0.077
101,86,0.09
102,86,0.138
103,86,0.157
104,86,0.189
105,86,0.157
106,86,0.135
107,86,0.111
108,86,0.119
109,86,0.128
110,86,0.143
111,86,0.156
112,86,0.21
113,86,0.209
114,86,0.24
115,86,0.24
116,86,0.239
117,86,0.232
118,86,0.204
119,86,0.211
120,86,0.236
121,86,0.241
122,86,0.271
123,86,0.27
124,86,0.251
125,86,0.22
126,86,0.195
127,86,0.192
128,86,0.189
129,86,0.152
130,86,0.164
131,86,0.212
132,86,0.258
133,86,0.23
134,86,0.226
135,86,0.232
136,86,0.267
137,86,0.243
138,86,0.206
139,86,0.206
140,86,0.258
141,86,0.277
142,86,0.272
143,86,0.241
144,86,0.288
145,86,0.303
146,86,0.319
147,86,0.337
148,86,0.323
149,86,0.368
150,86,0.43
151,86,0.454
152,86,0.503
153,86,0.535
154,86,0.516
155,86,0.551
156,86,0.573
157,86,0.593
158,86,0.58
159,86,0.602
160,86,0.615
161,86,0.668
162,86,0.681
163,86,0.666
164,86,0.67
165,86,0.665
166,86,0.64
167,86,0.635
168,86,0.581
169,86,0.572
170,86,0.566
171,86,0.527
172,86,0.555
173,86,0.597
174,86,0.622
175,86,0.651
176,86,0.695
177,86,0.745
178,86,0.831
179,86,0.841
180,86,0.853
181,86,0.893
182,86,0.969
183,86,0.965
184,86,0.963
185,86,0.962
186,86,0.955
187,86,0.948
188,86,0.94
189,86,0.931
190,86,1.0
191,86,1.0
192,86,1.0
193,86,1.0
194,86,1.0
195,86,1.0
196,86,1.0
197,86,1.0
0,87,-0.592
1,87,-0.59
2,87,-0.562
3,87,-0.545
4,87,-0.548
5,87,-0.539
6,87,-0.535
7,87,-0.522
8,87,-0.518
9,87,-0.543
10,87,-0.543
11,87,-0.504
12,87,-0.501
13,87,-0.465
14,87,-0.443
15,87,-0.411
16,87,-0.379
17,87,-0.354
18,87,-0.345
19,87,-0.321
20,87,-0.317
21,87,-0.316
22,87,-0.332
23,87,-0.307
24,87,-0.285
25,87,-0.311
26,87,-0.307
27,87,-0.308
28,87,-0.286
29,87,-0.256
30,87,-0.267
31,87,-0.294
32,87,-0.263
33,87,-0.246
34,87,-0.228
35,87,-0.212
36,87,-0.194
37,87,-0.157
38,87,-0.116
39,87,-0.108
40,87,-0.097
41,87,-0.092
42,87,-0.098
43,87,-0.098
44,87,-0.093
45,87,-0.087
46,87,-0.088
47,87,-0.084
48,87,-0.06
49,87,-0.055
50,87,-0.05
51,87,-0.07
52,87,-0.088
53,87,-0.075
54,87,-0.08
55,87,-0.087
56,87,-0.092
57,87,-0.101
58,87,-0.094
59,87,-0.081
60,87,-0.079
61,87,-0.058
62,87,-0.043
63,87,-0.023
64,87,0.003
65,87,0.013
66,87,0.013
67,87,0.009
68,87,0.004
69,87,0.005
70,87,0.005
71,87,0.019
72,87,0.037
73,87,0.056
74,87,0.063
75,87,0.06
76,87,0.041
77,87,0.034
78,87,-0.01
79,87,-0.042
80,87,-0.063
81,87,-0.061
82,87,-0.049
83,87,-0.048
84,87,-0.051
85,87,-0.01
86,87,0.033
87,87,0.053
88,87,0.059
89,87,0.047
90,87,0.068
91,87,0.077
92,87,0.061
93,87,0.05
94,87,0.034
95,87,0.019
96,87,0.034
97,87,0.037
98,87,0.058
99,87,0.073
100,87,0.077
101,87,0.097
102,87,0.142
103,87,0.175
104,87,0.196
105,87,0.184
106,87,0.171
107,87,0.172
108,87,0.177
109,87,0.186
110,87,0.18
111,87,0.202
112,87,0.228
113,87,0.241
114,87,0.251
115,87,0.243
116,87,0.218
117,87,0.219
118,87,0.195
119,87,0.195
120,87,0.218
121,87,0.219
122,87,0.239
123,87,0.24
124,87,0.209
125,87,0.188
126,87,0.189
127,87,0.165
128,87,0.169
129,87,0.187
130,87,0.208
131,87,0.258
132,87,0.304
133,87,0.295
134,87,0.294
135,87,0.278
136,87,0.264
137,87,0.263
138,87,0.267
139,87,0.259
140,87,0.291
141,87,0.334
142,87,0.327
143,87,0.33
144,87,0.351
145,87,0.35
146,87,0.362
147,87,0.373
148,87,0.368
149,87,0.423
150,87,0.466
151,87,0.504
152,87,0.52
153,87,0.549
154,87,0.568
155,87,0.588
156,87,0.615
157,87,0.641
158,87,0.626
159,87,0.67
160,87,0.677
161,87,0.673
162,87,0.667
163,87,0.64
164,87,0.63
165,87,0.63
166,87,0.586
167,87,0.567
168,87,0.56
169,87,0.574
170,87,0.57
171,87,0.528
172,87,0.575
173,87,0.604
174,87,0.633
175,87,0.646
176,87,0.659
177,87,0.709
178,87,0.792
179,87,0.795
180,87,0.836
181,87,0.851
182,87,0.918
183,87,0.969
184,87,0.968
185,87,0.966
186,87,0.962
187,87,0.954
188,87,1.0
189,87,1.0
190,87,1.0
191,87,1.0
192,87,1.0
193,87,1.0
194,87,1.0
195,87,1.0
196,87,1.0
197,87,1.0
198,87,1.0
0,88,-0.584
1,88,-0.558
2,88,-0.511
3,88,-0.494
4,88,-0.474
5,88,-0.442
6,88,-0.446
7,88,-0.427
8,88,-0.442
9,88,-0.509
10,88,-0.512
11,88,-0.498
12,88,-0.517
13,88,-0.497
14,88,-0.458
15,88,-0.421
16,88,-0.37
17,88,-0.36
18,88,-0.36
19,88,-0.347
20,88,-0.326
21,88,-0.322
22,88,-0.329
23,88,-0.312
24,88,-0.279
25,88,-0.268
26,88,-0.242
27,88,-0.237
28,88,-0.252
29,88,-0.24
30,88,-0.245
31,88,-0.264
32,88,-0.243
33,88,-0.221
34,88,-0.2
35,88,-0.164
36,88,-0.135
37,88,-0.106
38,88,-0.088
39,88,-0.086
40,88,-0.082
41,88,-0.087
42,88,-0.095
43,88,-0.105
44,88,-0.082
45,88,-0.07
46,88,-0.075
47,88,-0.065
48,88,-0.044
49,88,-0.033
50,88,-0.03
51,88,-0.058
52,88,-0.054
53,88,-0.05
54,88,-0.078
55,88,-0.091
56,88,-0.102
57,88,-0.096
58,88,-0.071
59,88,-0.058
60,88,-0.057
61,88,-0.03
62,88,-0.004
63,88,0.023
64,88,0.051
65,88,0.052
66,88,0.046
67,88,0.051
68,88,0.053
69,88,0.039
70,88,0.036
71,88,0.033
72,88,0.038
73,88,0.053
74,88,0.066
75,88,0.071
76,88,0.078
77,88,0.073
78,88,0.044
79,88,0.023
80,88,-0.016
81,88,-0.028
82,88,-0.031
83,88,-0.041
84,88,-0.062
85,88,-0.029
86,88,-0.003
87,88,0.019
88,88,0.031
89,88,0.042
90,88,0.039
91,88,0.064
92,88,0.041
93,88,0.05
94,88,0.05
95,88,0.036
96,88,0.034
97,88,0.049
98,88,0.051
99,88,0.064
100,88,0.036
101,88,0.053
102,88,0.091
103,88,0.119
104,88,0.139
105,88,0.147
106,88,0.144
107,88,0.157
108,88,0.168
109,88,0.197
110,88,0.205
111,88,0.22
112,88,0.225
113,88,0.24
114,88,0.247
115,88,0.241
116,88,0.203
117,88,0.183
118,88,0.173
119,88,0.188
120,88,0.224
121,88,0.232
122,88,0.245
123,88,0.26
124,88,0.252
125,88,0.25
126,88,0.247
127,88,0.206
128,88,0.197
129,88,0.227
130,88,0.227
131,88,0.275
132,88,0.312
133,88,0.304
134,88,0.307
135,88,0.303
136,88,0.281
137,88,0.299
138,88,0.282
139,88,0.277
140,88,0.307
141,88,0.337
142,88,0.346
143,88,0.339
144,88,0.333
145,88,0.337
146,88,0.344
147,88,0.353
148,88,0.358
149,88,0.382
150,88,0.435
151,88,0.469
152,88,0.492
153,88,0.516
154,88,0.555
155,88,0.57
156,88,0.622
157,88,0.644
158,88,0.659
159,88,0.698
160,88,0.71
161,88,0.675
162,88,0.689
163,88,0.643
164,88,0.647
165,88,0.634
166,88,0.598
167,88,0.572
168,88,0.588
169,88,0.584
170,88,0.586
171,88,0.516
172,88,0.577
173,88,0.626
174,88,0.662
175,88,0.677
176,88,0.669
177,88,0.747
178,88,0.85
179,88,0.84
180,88,0.862
181,88,0.851
182,88,0.894
183,88,0.97
184,88,0.968
185,88,0.967
186,88,0.963
187,88,0.954
188,88,1.0
189,88,1.0
190,88,1.0
191,88,1.0
192,88,1.0
193,88,1.0
194,88,1.0
195,88,1.0
196,88,1.0
197,88,1.0
198,88,1.0
0,89,-0.611
1,89,-0.569
2,89,-0.545
3,89,-0.527
4,89,-0.523
5,89,-0.473
6,89,-0.462
7,89,-0.446
8,89,-0.453
9,89,-0.479
10,89,-0.49
11,89,-0.47
12,89,-0.484
13,89,-0.471
14,89,-0.445
15,89,-0.439
16,89,-0.396
17,89,-0.357
18,89,-0.358
19,89,-0.335
20,89,-0.305
21,89,-0.298
22,89,-0.285
23,89,-0.278
24,89,-0.27
25,89,-0.245
26,89,-0.238
27,89,-0.236
28,89,-0.252
29,89,-0.255
30,89,-0.26
31,89,-0.258
32,89,-0.25
33,89,-0.235
34,89,-0.212
35,89,-0.177
36,89,-0.132
37,89,-0.106
38,89,-0.105
39,89,-0.113
40,89,-0.103
41,89,-0.116
42,89,-0.12
43,89,-0.135
44,89,-0.118
45,89,-0.097
46,89,-0.087
47,89,-0.077
48,89,-0.05
49,89,-0.041
50,89,-0.031
51,89,-0.043
52,89,-0.054
53,89,-0.046
54,89,-0.054
55,89,-0.058
56,89,-0.061
57,89,-0.06
58,89,-0.042
59,89,-0.021
60,89,-0.025
61,89,-0.012
62,89,-0.011
63,89,0.01
64,89,0.031
65,89,0.031
66,89,0.02
67,89,0.029
68,89,0.024
69,89,0.024
70,89,0.026
71,89,0.022
72,89,0.03
73,89,0.055
74,89,0.064
75,89,0.086
76,89,0.099
77,89,0.077
78,89,0.054
79,89,0.029
80,89,-0.015
81,89,-0.038
82,89,-0.055
83,89,-0.069
84,89,-0.067
85,89,-0.051
86,89,-0.034
87,89,-0.024
88,89,-0.004
89,89,-0.001
90,89,-0.015
91,89,0.001
92,89,-0.005
93,89,0.023
94,89,0.041
95,89,0.031
96,89,0.026
97,89,0.053
98,89,0.053
99,89,0.069
100,89,0.034
101,89,0.046
102,89,0.094
103,89,0.12
104,89,0.143
105,89,0.163
106,89,0.152
107,89,0.187
108,89,0.206
109,89,0.226
110,89,0.243
111,89,0.256
112,89,0.254
113,89,0.28
114,89,0.264
115,89,0.266
116,89,0.235
117,89,0.217
118,89,0.199
119,89,0.207
120,89,0.234
121,89,0.263
122,89,0.267
123,89,0.264
124,89,0.302
125,89,0.335
126,89,0.343
127,89,0.298
128,89,0.279
129,89,0.292
130,89,0.302
131,89,0.296
132,89,0.31
133,89,0.307
134,89,0.305
135,89,0.286
136,89,0.266
137,89,0.291
138,89,0.287
139,89,0.27
140,89,0.305
141,89,0.337
142,89,0.349
143,89,0.377
144,89,0.376
145,89,0.368
146,89,0.365
147,89,0.346
148,89,0.371
149,89,0.403
150,89,0.404
151,89,0.397
152,89,0.404
153,89,0.44
154,89,0.479
155,89,0.487
156,89,0.532
157,89,0.571
158,89,0.625
159,89,0.688
160,89,0.697
161,89,0.686
162,89,0.703
163,89,0.68
164,89,0.661
165,89,0.632
166,89,0.578
167,89,0.55
168,89,0.549
169,89,0.541
170,89,0.497
171,89,0.509
172,89,0.558
173,89,0.62
174,89,0.661
175,89,0.709
176,89,0.7
177,89,0.807
178,89,0.854
179,89,0.866
180,89,0.885
181,89,0.877
182,89,0.895
183,89,0.971
184,89,0.968
185,89,0.966
186,89,0.962
187,89,0.956
188,89,1.0
189,89,1.0
190,89,1.0
191,89,1.0
192,89,1.0
193,89,1.0
194,89,1.0
195,89,1.0
196,89,1.0
197,89,1.0
198,89,1.0
0,90,-0.603
1,90,-0.54
2,90,-0.52
3,90,-0.51
4,90,-0.539
5,90,-0.534
6,90,-0.517
7,90,-0.522
8,90,-0.537
9,90,-0.551
10,90,-0.57
11,90,-0.55
12,90,-0.543
13,90,-0.542
14,90,-0.508
15,90,-0.49
16,90,-0.467
17,90,-0.426
18,90,-0.403
19,90,-0.362
20,90,-0.333
21,90,-0.329
22,90,-0.329
23,90,-0.324
24,90,-0.324
25,90,-0.297
26,90,-0.301
27,90,-0.299
28,90,-0.321
29,90,-0.316
30,90,-0.322
31,90,-0.316
32,90,-0.319
33,90,-0.288
34,90,-0.259
35,90,-0.215
36,90,-0.176
37,90,-0.135
38,90,-0.116
39,90,-0.108
40,90,-0.125
41,90,-0.126
42,90,-0.113
43,90,-0.124
44,90,-0.118
45,90,-0.104
46,90,-0.095
47,90,-0.064
48,90,-0.037
49,90,-0.021
50,90,-0.007
51,90,-0.002
52,90,-0.001
53,90,0.005
54,90,-0.001
55,90,-0.009
56,90,-0.009
57,90,0.005
58,90,0.025
59,90,0.029
60,90,0.031
61,90,0.042
62,90,0.043
63,90,0.053
64,90,0.066
65,90,0.061
66,90,0.065
67,90,0.071
68,90,0.059
69,90,0.059
70,90,0.058
71,90,0.049
72,90,0.057
73,90,0.07
74,90,0.089
75,90,0.114
76,90,0.122
77,90,0.092
78,90,0.069
79,90,0.038
80,90,0.009
81,90,-0.028
82,90,-0.065
83,90,-0.078
84,90,-0.066
85,90,-0.037
86,90,-0.033
87,90,-0.028
88,90,-0.017
89,90,0.018
90,90,0.029
91,90,0.047
92,90,-0.003
93,90,0.022
94,90,0.033
95,90,0.04
96,90,0.027
97,90,0.048
98,90,0.049
99,90,0.086
100,90,0.067
101,90,0.091
102,90,0.124
103,90,0.165
104,90,0.174
105,90,0.191
106,90,0.204
107,90,0.239
108,90,0.259
109,90,0.28
110,90,0.294
111,90,0.307
112,90,0.3
113,90,0.313
114,90,0.294
115,90,0.292
116,90,0.26
117,90,0.225
118,90,0.227
119,90,0.225
120,90,0.25
121,90,0.294
122,90,0.303
123,90,0.312
124,90,0.348
125,90,0.377
126,90,0.403
127,90,0.358
128,90,0.321
129,90,0.309
130,90,0.32
131,90,0.304
132,90,0.294
133,90,0.278
134,90,0.283
135,90,0.29
136,90,0.278
137,90,0.305
138,90,0.313
139,90,0.289
140,90,0.317
141,90,0.333
142,90,0.358
143,90,0.394
144,90,0.386
145,90,0.386
146,90,0.397
147,90,0.381
148,90,0.377
149,90,0.349
150,90,0.351
151,90,0.323
152,90,0.313
153,90,0.344
154,90,0.376
155,90,0.421
156,90,0.5
157,90,0.528
158,90,0.609
159,90,0.701
160,90,0.696
161,90,0.715
162,90,0.741
163,90,0.71
164,90,0.705
165,90,0.665
166,90,0.597
167,90,0.596
168,90,0.594
169,90,0.595
170,90,0.571
171,90,0.589
172,90,0.623
173,90,0.673
174,90,0.701
175,90,0.75
176,90,0.703
177,90,0.79
178,90,0.817
179,90,0.868
180,90,0.888
181,90,0.883
182,90,0.878
183,90,0.973
184,90,0.97
185,90,0.967
186,90,0.963
187,90,0.957
188,90,1.0
189,90,1.0
190,90,1.0
191,90,1.0
192,90,1.0
193,90,1.0
194,90,1.0
195,90,1.0
196,90,1.0
197,90,1.0
198,90,1.0
0,91,-0.514
1,91,-0.472
2,91,-0.484
3,91,-0.487
4,91,-0.511
5,91,-0.561
6,91,-0.552
7,91,-0.562
8,91,-0.585
9,91,-0.565
10,91,-0.567
11,91,-0.542
12,91,-0.483
13,91,-0.479
14,91,-0.443
15,91,-0.394
16,91,-0.369
17,91,-0.345
18,91,-0.336
19,91,-0.311
20,91,-0.279
21,91,-0.272
22,91,-0.287
23,91,-0.287
24,91,-0.292
25,91,-0.259
26,91,-0.265
27,91,-0.277
28,91,-0.32
29,91,-0.314
30,91,-0.314
31,91,-0.287
32,91,-0.293
33,91,-0.299
34,91,-0.301
35,91,-0.253
36,91,-0.217
37,91,-0.195
38,91,-0.167
39,91,-0.137
40,91,-0.102
41,91,-0.07
42,91,-0.056
43,91,-0.075
44,91,-0.066
45,91,-0.064
46,91,-0.062
47,91,-0.042
48,91,-0.012
49,91,0.015
50,91,0.044
51,91,0.065
52,91,0.061
53,91,0.06
54,91,0.041
55,91,0.035
56,91,0.046
57,91,0.067
58,91,0.083
59,91,0.082
60,91,0.079
61,91,0.087
62,91,0.074
63,91,0.061
64,91,0.056
65,91,0.059
66,91,0.074
67,91,0.093
68,91,0.091
69,91,0.092
70,91,0.098
71,91,0.083
72,91,0.064
73,91,0.064
74,91,0.088
75,91,0.111
76,91,0.144
77,91,0.12
78,91,0.118
79,91,0.099
80,91,0.085
81,91,0.037
82,91,0.009
83,91,-0.025
84,91,-0.03
85,91,-0.03
86,91,-0.029
87,91,-0.028
88,91,-0.016
89,91,0.02
90,91,0.029
91,91,0.062
92,91,0.046
93,91,0.056
94,91,0.067
95,91,0.083
96,91,0.064
97,91,0.086
98,91,0.081
99,91,0.092
100,91,0.106
101,91,0.132
102,91,0.144
103,91,0.17
104,91,0.171
105,91,0.205
106,91,0.24
107,91,0.276
108,91,0.289
109,91,0.301
110,91,0.324
111,91,0.336
112,91,0.314
113,91,0.328
114,91,0.302
115,91,0.292
116,91,0.284
117,91,0.252
118,91,0.258
119,91,0.257
120,91,0.273
121,91,0.304
122,91,0.292
123,91,0.294
124,91,0.313
125,91,0.338
126,91,0.358
127,91,0.331
128,91,0.305
129,91,0.319
130,91,0.333
131,91,0.338
132,91,0.346
133,91,0.338
134,91,0.306
135,91,0.304
136,91,0.293
137,91,0.323
138,91,0.348
139,91,0.313
140,91,0.298
141,91,0.303
142,91,0.327
143,91,0.384
144,91,0.34
145,91,0.31
146,91,0.324
147,91,0.321
148,91,0.359
149,91,0.333
150,91,0.309
151,91,0.309
152,91,0.3
153,91,0.325
154,91,0.369
155,91,0.402
156,91,0.486
157,91,0.528
158,91,0.62
159,91,0.704
160,91,0.716
161,91,0.74
162,91,0.767
163,91,0.736
164,91,0.705
165,91,0.667
166,91,0.584
167,91,0.563
168,91,0.605
169,91,0.592
170,91,0.574
171,91,0.621
172,91,0.614
173,91,0.681
174,91,0.706
175,91,0.718
176,91,0.677
177,91,0.741
178,91,0.725
179,91,0.793
180,91,0.83
181,91,0.826
182,91,0.817
183,91,0.918
184,91,0.938
185,91,0.966
186,91,0.962
187,91,0.957
188,91,1.0
189,91,1.0
190,91,1.0
191,91,1.0
192,91,1.0
193,91,1.0
194,91,1.0
195,91,1.0
196,91,1.0
197,91,1.0
198,91,1.0
199,91,1.0
0,92,-0.469
1,92,-0.438
2,92,-0.43
3,92,-0.453
4,92,-0.47
5,92,-0.5
6,92,-0.499
7,92,-0.515
8,92,-0.518
9,92,-0.511
10,92,-0.475
11,92,-0.432
12,92,-0.37
13,92,-0.351
14,92,-0.321
15,92,-0.318
16,92,-0.3
17,92,-0.284
18,92,-0.303
19,92,-0.282
20,92,-0.264
21,92,-0.256
22,92,-0.245
23,92,-0.263
24,92,-0.282
25,92,-0.238
26,92,-0.26
27,92,-0.26
28,92,-0.29
29,92,-0.302
30,92,-0.294
31,92,-0.263
32,92,-0.297
33,92,-0.31
34,92,-0.325
35,92,-0.292
36,92,-0.253
37,92,-0.223
38,92,-0.212
39,92,-0.178
40,92,-0.137
41,92,-0.1
42,92,-0.086
43,92,-0.095
44,92,-0.102
45,92,-0.096
46,92,-0.073
47,92,-0.041
48,92,-0.023
49,92,0.01
50,92,0.032
51,92,0.071
52,92,0.087
53,92,0.081
54,92,0.071
55,92,0.085
56,92,0.087
57,92,0.12
58,92,0.138
59,92,0.14
60,92,0.145
61,92,0.146
62,92,0.117
63,92,0.097
64,92,0.08
65,92,0.068
66,92,0.088
67,92,0.11
68,92,0.111
69,92,0.117
70,92,0.133
71,92,0.115
72,92,0.096
73,92,0.075
74,92,0.08
75,92,0.097
76,92,0.124
77,92,0.109
78,92,0.109
79,92,0.112
80,92,0.098
81,92,0.065
82,92,0.027
83,92,0.004
84,92,0.002
85,92,-0.001
86,92,-0.019
87,92,-0.013
88,92,-0.002
89,92,0.044
90,92,0.051
91,92,0.082
92,92,0.076
93,92,0.084
94,92,0.098
95,92,0.119
96,92,0.101
97,92,0.113
98,92,0.103
99,92,0.128
100,92,0.133
101,92,0.132
102,92,0.113
103,92,0.116
104,92,0.113
105,92,0.131
106,92,0.148
107,92,0.206
108,92,0.243
109,92,0.267
110,92,0.301
111,92,0.325
112,92,0.341
113,92,0.363
114,92,0.332
115,92,0.328
116,92,0.353
117,92,0.322
118,92,0.328
119,92,0.32
120,92,0.334
121,92,0.363
122,92,0.344
123,92,0.317
124,92,0.339
125,92,0.355
126,92,0.364
127,92,0.343
128,92,0.315
129,92,0.323
130,92,0.328
131,92,0.322
132,92,0.323
133,92,0.314
134,92,0.301
135,92,0.309
136,92,0.304
137,92,0.341
138,92,0.366
139,92,0.35
140,92,0.335
141,92,0.309
142,92,0.323
143,92,0.357
144,92,0.286
145,92,0.249
146,92,0.243
147,92,0.243
148,92,0.277
149,92,0.243
150,92,0.234
151,92,0.26
152,92,0.271
153,92,0.317
154,92,0.342
155,92,0.398
156,92,0.483
157,92,0.528
158,92,0.632
159,92,0.688
160,92,0.701
161,92,0.759
162,92,0.77
163,92,0.742
164,92,0.7
165,92,0.638
166,92,0.583
167,92,0.524
168,92,0.511
169,92,0.477
170,92,0.48
171,92,0.542
172,92,0.538
173,92,0.608
174,92,0.683
175,92,0.714
176,92,0.725
177,92,0.772
178,92,0.754
179,92,0.835
180,92,0.849
181,92,0.867
182,92,0.859
183,92,0.942
184,92,0.967
185,92,1.0
186,92,1.0
187,92,1.0
188,92,1.0
189,92,1.0
190,92,1.0
191,92,1.0
192,92,1.0
193,92,1.0
194,92,1.0
195,92,1.0
196,92,1.0
197,92,1.0
198,92,1.0
199,92,1.0
0,93,-0.412
1,93,-0.434
2,93,-0.469
3,93,-0.535
4,93,-0.59
5,93,-0.644
6,93,-0.65
7,93,-0.651
8,93,-0.612
9,93,-0.556
10,93,-0.473
11,93,-0.418
12,93,-0.334
13,93,-0.317
14,93,-0.306
15,93,-0.321
16,93,-0.325
17,93,-0.336
18,93,-0.363
19,93,-0.361
20,93,-0.353
21,93,-0.361
22,93,-0.366
23,93,-0.357
24,93,-0.333
25,93,-0.315
26,93,-0.345
27,93,-0.364
28,93,-0.358
29,93,-0.362
30,93,-0.366
31,93,-0.352
32,93,-0.349
33,93,-0.346
34,93,-0.354
35,93,-0.34
36,93,-0.308
37,93,-0.303
38,93,-0.312
39,93,-0.295
40,93,-0.274
41,93,-0.231
42,93,-0.194
43,93,-0.175
44,93,-0.166
45,93,-0.133
46,93,-0.096
47,93,-0.055
48,93,-0.028
49,93,-0.01
50,93,0.001
51,93,0.049
52,93,0.051
53,93,0.05
54,93,0.073
55,93,0.108
56,93,0.122
57,93,0.159
58,93,0.16
59,93,0.179
60,93,0.183
61,93,0.153
62,93,0.113
63,93,0.091
64,93,0.075
65,93,0.079
66,93,0.102
67,93,0.128
68,93,0.157
69,93,0.19
70,93,0.203
71,93,0.197
72,93,0.193
73,93,0.164
74,93,0.165
75,93,0.169
76,93,0.174
77,93,0.17
78,93,0.17
79,93,0.165
80,93,0.171
81,93,0.151
82,93,0.11
83,93,0.082
84,93,0.095
85,93,0.075
86,93,0.059
87,93,0.061
88,93,0.054
89,93,0.097
90,93,0.107
91,93,0.093
92,93,0.102
93,93,0.102
94,93,0.106
95,93,0.133
96,93,0.121
97,93,0.124
98,93,0.135
99,93,0.154
100,93,0.16
101,93,0.155
102,93,0.127
103,93,0.127
104,93,0.132
105,93,0.152
106,93,0.179
107,93,0.234
108,93,0.275
109,93,0.293
110,93,0.302
111,93,0.324
112,93,0.365
113,93,0.364
114,93,0.361
115,93,0.369
116,93,0.413
117,93,0.429
118,93,0.431
119,93,0.397
120,93,0.409
121,93,0.41
122,93,0.364
123,93,0.328
124,93,0.322
125,93,0.327
126,93,0.32
127,93,0.307
128,93,0.298
129,93,0.339
130,93,0.374
131,93,0.38
132,93,0.389
133,93,0.395
134,93,0.388
135,93,0.394
136,93,0.371
137,93,0.375
138,93,0.423
139,93,0.404
140,93,0.378
141,93,0.342
142,93,0.327
143,93,0.308
144,93,0.218
145,93,0.167
146,93,0.17
147,93,0.201
148,93,0.241
149,93,0.246
150,93,0.268
151,93,0.322
152,93,0.316
153,93,0.345
154,93,0.343
155,93,0.387
156,93,0.441
157,93,0.497
158,93,0.569
159,93,0.619
160,93,0.649
161,93,0.713
162,93,0.733
163,93,0.713
164,93,0.653
165,93,0.603
166,93,0.564
167,93,0.507
168,93,0.488
169,93,0.467
170,93,0.474
171,93,0.548
172,93,0.565
173,93,0.625
174,93,0.673
175,93,0.727
176,93,0.743
177,93,0.752
178,93,0.715
179,93,0.793
180,93,0.775
181,93,0.816
182,93,0.801
183,93,0.853
184,93,0.902
185,93,0.964
186,93,0.959
187,93,1.0
188,93,1.0
189,93,1.0
190,93,1.0
191,93,1.0
192,93,1.0
193,93,1.0
194,93,1.0
195,93,1.0
196,93,1.0
197,93,1.0
198,93,1.0
199,93,1.0
0,94,-0.426
1,94,-0.441
2,94,-0.454
3,94,-0.483
4,94,-0.551
5,94,-0.607
6,94,-0.622
7,94,-0.578
8,94,-0.533
9,94,-0.504
10,94,-0.431
11,94,-0.368
12,94,-0.325
13,94,-0.323
14,94,-0.347
15,94,-0.376
16,94,-0.388
17,94,-0.458
18,94,-0.47
19,94,-0.449
20,94,-0.419
21,94,-0.424
22,94,-0.418
23,94,-0.396
24,94,-0.366
25,94,-0.359
26,94,-0.363
27,94,-0.364
28,94,-0.369
29,94,-0.385
30,94,-0.369
31,94,-0.341
32,94,-0.351
33,94,-0.373
34,94,-0.408
35,94,-0.391
36,94,-0.384
37,94,-0.394
38,94,-0.392
39,94,-0.368
40,94,-0.328
41,94,-0.27
42,94,-0.243
43,94,-0.226
44,94,-0.227
45,94,-0.189
46,94,-0.128
47,94,-0.096
48,94,-0.071
49,94,-0.035
50,94,-0.001
51,94,0.041
52,94,0.036
53,94,0.024
54,94,0.052
55,94,0.091
56,94,0.106
57,94,0.143
58,94,0.169
59,94,0.201
60,94,0.224
61,94,0.206
62,94,0.187
63,94,0.184
64,94,0.177
65,94,0.159
66,94,0.171
67,94,0.185
68,94,0.215
69,94,0.248
70,94,0.25
71,94,0.265
72,94,0.287
73,94,0.277
74,94,0.286
75,94,0.275
76,94,0.262
77,94,0.269
78,94,0.257
79,94,0.239
80,94,0.233
81,94,0.207
82,94,0.171
83,94,0.154
84,94,0.143
85,94,0.134
86,94,0.131
87,94,0.144
88,94,0.128
89,94,0.177
90,94,0.192
91,94,0.186
92,94,0.183
93,94,0.167
94,94,0.161
95,94,0.177
96,94,0.155
97,94,0.135
98,94,0.145
99,94,0.162
100,94,0.185
101,94,0.183
102,94,0.166
103,94,0.168
104,94,0.175
105,94,0.175
106,94,0.192
107,94,0.218
108,94,0.236
109,94,0.26
110,94,0.28
111,94,0.31
112,94,0.355
113,94,0.354
114,94,0.366
115,94,0.386
116,94,0.433
117,94,0.44
118,94,0.43
119,94,0.41
120,94,0.41
121,94,0.389
122,94,0.359
123,94,0.326
124,94,0.304
125,94,0.291
126,94,0.273
127,94,0.276
128,94,0.3
129,94,0.33
130,94,0.352
131,94,0.394
132,94,0.418
133,94,0.454
134,94,0.451
135,94,0.452
136,94,0.427
137,94,0.421
138,94,0.428
139,94,0.433
140,94,0.381
141,94,0.345
142,94,0.305
143,94,0.278
144,94,0.195
145,94,0.154
146,94,0.14
147,94,0.156
148,94,0.164
149,94,0.191
150,94,0.226
151,94,0.319
152,94,0.313
153,94,0.338
154,94,0.361
155,94,0.415
156,94,0.473
157,94,0.528
158,94,0.564
159,94,0.611
160,94,0.598
161,94,0.631
162,94,0.666
163,94,0.629
164,94,0.593
165,94,0.551
166,94,0.53
167,94,0.529
168,94,0.537
169,94,0.5
170,94,0.552
171,94,0.601
172,94,0.626
173,94,0.682
174,94,0.718
175,94,0.762
176,94,0.803
177,94,0.79
178,94,0.755
179,94,0.809
180,94,0.795
181,94,0.839
182,94,0.825
183,94,0.846
184,94,0.899
185,94,0.963
186,94,0.959
187,94,1.0
188,94,1.0
189,94,1.0
190,94,1.0
191,94,1.0
192,94,1.0
193,94,1.0
194,94,1.0
195,94,1.0
196,94,1.0
197,94,1.0
198,94,1.0
199,94,1.0
0,95,-0.432
1,95,-0.544
2,95,-0.563
3,95,-0.613
4,95,-0.718
5,95,-0.735
6,95,-0.754
7,95,-0.699
8,95,-0.638
9,95,-0.625
10,95,-0.545
11,95,-0.464
12,95,-0.457
13,95,-0.461
14,95,-0.495
15,95,-0.471
16,95,-0.458
17,95,-0.5
18,95,-0.509
19,95,-0.46
20,95,-0.425
21,95,-0.418
22,95,-0.418
23,95,-0.426
24,95,-0.425
25,95,-0.464
26,95,-0.492
27,95,-0.511
28,95,-0.487
29,95,-0.487
30,95,-0.448
31,95,-0.422
32,95,-0.402
33,95,-0.424
34,95,-0.438
35,95,-0.472
36,95,-0.498
37,95,-0.561
38,95,-0.547
39,95,-0.527
40,95,-0.47
41,95,-0.439
42,95,-0.403
43,95,-0.364
44,95,-0.31
45,95,-0.297
46,95,-0.252
47,95,-0.217
48,95,-0.181
49,95,-0.159
50,95,-0.132
51,95,-0.086
52,95,-0.055
53,95,-0.03
54,95,0.002
55,95,0.063
56,95,0.115
57,95,0.162
58,95,0.181
59,95,0.225
60,95,0.254
61,95,0.247
62,95,0.239
63,95,0.235
64,95,0.228
65,95,0.225
66,95,0.212
67,95,0.219
68,95,0.234
69,95,0.238
70,95,0.245
71,95,0.256
72,95,0.281
73,95,0.305
74,95,0.322
75,95,0.334
76,95,0.34
77,95,0.346
78,95,0.353
79,95,0.326
80,95,0.296
81,95,0.265
82,95,0.25
83,95,0.23
84,95,0.215
85,95,0.174
86,95,0.182
87,95,0.202
88,95,0.193
89,95,0.187
90,95,0.188
91,95,0.18
92,95,0.221
93,95,0.204
94,95,0.189
95,95,0.196
96,95,0.197
97,95,0.192
98,95,0.205
99,95,0.2
100,95,0.225
101,95,0.22
102,95,0.208
103,95,0.211
104,95,0.205
105,95,0.204
106,95,0.21
107,95,0.227
108,95,0.253
109,95,0.267
110,95,0.281
111,95,0.326
112,95,0.354
113,95,0.366
114,95,0.383
115,95,0.423
116,95,0.482
117,95,0.488
118,95,0.484
119,95,0.487
120,95,0.47
121,95,0.429
122,95,0.358
123,95,0.314
124,95,0.298
125,95,0.268
126,95,0.242
127,95,0.268
128,95,0.312
129,95,0.375
130,95,0.396
131,95,0.444
132,95,0.477
133,95,0.532
134,95,0.518
135,95,0.503
136,95,0.471
137,95,0.437
138,95,0.416
139,95,0.42
140,95,0.348
141,95,0.323
142,95,0.274
143,95,0.247
144,95,0.192
145,95,0.148
146,95,0.098
147,95,0.121
148,95,0.14
149,95,0.19
150,95,0.208
151,95,0.293
152,95,0.338
153,95,0.377
154,95,0.377
155,95,0.398
156,95,0.433
157,95,0.475
158,95,0.507
159,95,0.513
160,95,0.527
161,95,0.552
162,95,0.571
163,95,0.55
164,95,0.522
165,95,0.507
166,95,0.506
167,95,0.517
168,95,0.547
169,95,0.559
170,95,0.608
171,95,0.682
172,95,0.724
173,95,0.772
174,95,0.804
175,95,0.833
176,95,0.88
177,95,0.852
178,95,0.82
179,95,0.832
180,95,0.819
181,95,0.831
182,95,0.847
183,95,0.839
184,95,0.899
185,95,0.963
186,95,0.96
187,95,1.0
188,95,1.0
189,95,1.0
190,95,1.0
191,95,1.0
192,95,1.0
193,95,1.0
194,95,1.0
195,95,1.0
196,95,1.0
197,95,1.0
198,95,1.0
199,95,1.0
200,95,1.0
0,96,-0.469
1,96,-0.596
2,96,-0.582
3,96,-0.624
4,96,-0.694
5,96,-0.731
6,96,-0.751
7,96,-0.744
8,96,-0.683
9,96,-0.749
10,96,-0.707
11,96,-0.687
12,96,-0.702
13,96,-0.717
14,96,-0.699
15,96,-0.734
16,96,-0.677
17,96,-0.678
18,96,-0.656
19,96,-0.61
20,96,-0.554
21,96,-0.585
22,96,-0.541
23,96,-0.561
24,96,-0.555
25,96,-0.587
26,96,-0.641
27,96,-0.673
28,96,-0.642
29,96,-0.635
30,96,-0.613
31,96,-0.608
32,96,-0.575
33,96,-0.523
34,96,-0.49
35,96,-0.517
36,96,-0.566
37,96,-0.603
38,96,-0.633
39,96,-0.651
40,96,-0.632
41,96,-0.622
42,96,-0.557
43,96,-0.478
44,96,-0.42
45,96,-0.391
46,96,-0.327
47,96,-0.3
48,96,-0.279
49,96,-0.272
50,96,-0.236
51,96,-0.192
52,96,-0.121
53,96,-0.069
54,96,0.014
55,96,0.107
56,96,0.162
57,96,0.197
58,96,0.239
59,96,0.281
60,96,0.313
61,96,0.308
62,96,0.29
63,96,0.301
64,96,0.297
65,96,0.284
66,96,0.275
67,96,0.263
68,96,0.265
69,96,0.268
70,96,0.256
71,96,0.274
72,96,0.3
73,96,0.32
74,96,0.336
75,96,0.335
76,96,0.334
77,96,0.364
78,96,0.368
79,96,0.359
80,96,0.352
81,96,0.334
82,96,0.32
83,96,0.317
84,96,0.295
85,96,0.275
86,96,0.267
87,96,0.25
88,96,0.244
89,96,0.251
90,96,0.27
91,96,0.266
92,96,0.282
93,96,0.271
94,96,0.269
95,96,0.288
96,96,0.286
97,96,0.247
98,96,0.234
99,96,0.235
100,96,0.252
101,96,0.244
102,96,0.221
103,96,0.23
104,96,0.256
105,96,0.282
106,96,0.287
107,96,0.297
108,96,0.324
109,96,0.361
110,96,0.377
111,96,0.4
112,96,0.422
113,96,0.434
114,96,0.461
115,96,0.502
116,96,0.529
117,96,0.55
118,96,0.569
119,96,0.569
120,96,0.548
121,96,0.522
122,96,0.484
123,96,0.46
124,96,0.435
125,96,0.398
126,96,0.368
127,96,0.413
128,96,0.443
129,96,0.482
130,96,0.499
131,96,0.533
132,96,0.568
133,96,0.63
134,96,0.636
135,96,0.623
136,96,0.576
137,96,0.529
138,96,0.485
139,96,0.459
140,96,0.418
141,96,0.402
142,96,0.357
143,96,0.327
144,96,0.282
145,96,0.266
146,96,0.224
147,96,0.197
148,96,0.165
149,96,0.178
150,96,0.205
151,96,0.256
152,96,0.279
153,96,0.327
154,96,0.362
155,96,0.38
156,96,0.39
157,96,0.416
158,96,0.437
159,96,0.442
160,96,0.449
161,96,0.441
162,96,0.452
163,96,0.469
164,96,0.484
165,96,0.501
166,96,0.539
167,96,0.568
168,96,0.595
169,96,0.635
170,96,0.706
171,96,0.75
172,96,0.812
173,96,0.843
174,96,0.875
175,96,0.909
176,96,0.944
177,96,0.922
178,96,0.918
179,96,0.892
180,96,0.862
181,96,0.877
182,96,0.894
183,96,0.885
184,96,0.909
185,96,0.934
186,96,0.964
187,96,1.0
188,96,1.0
189,96,1.0
190,96,1.0
191,96,1.0
192,96,1.0
193,96,1.0
194,96,1.0
195,96,1.0
196,96,1.0
197,96,1.0
198,96,1.0
199,96,1.0
200,96,1.0
0,97,-0.561
1,97,-0.718
2,97,-0.826
3,97,-0.899
4,97,-1.023
5,97,-1.068
6,97,-1.19
7,97,-1.258
8,97,-1.253
9,97,-1.254
10,97,-1.281
11,97,-1.333
12,97,-1.375
13,97,-1.417
14,97,-1.314
15,97,-1.325
16,97,-1.237
17,97,-1.198
18,97,-1.146
19,97,-1.108
20,97,-1.027
21,97,-1.063
22,97,-0.953
23,97,-0.953
24,97,-0.922
25,97,-0.933
26,97,-0.888
27,97,-0.972
28,97,-0.991
29,97,-0.975
30,97,-0.941
31,97,-0.912
32,97,-0.829
33,97,-0.78
34,97,-0.65
35,97,-0.653
36,97,-0.715
37,97,-0.79
38,97,-0.765
39,97,-0.752
40,97,-0.772
41,97,-0.796
42,97,-0.723
43,97,-0.648
44,97,-0.565
45,97,-0.541
46,97,-0.511
47,97,-0.485
48,97,-0.445
49,97,-0.422
50,97,-0.378
51,97,-0.312
52,97,-0.234
53,97,-0.129
54,97,0.001
55,97,0.109
56,97,0.214
57,97,0.285
58,97,0.33
59,97,0.38
60,97,0.4
61,97,0.389
62,97,0.391
63,97,0.395
64,97,0.386
65,97,0.388
66,97,0.362
67,97,0.349
68,97,0.356
69,97,0.367
70,97,0.355
71,97,0.38
72,97,0.403
73,97,0.445
74,97,0.464
75,97,0.475
76,97,0.484
77,97,0.499
78,97,0.506
79,97,0.49
80,97,0.469
81,97,0.451
82,97,0.443
83,97,0.422
84,97,0.41
85,97,0.377
86,97,0.378
87,97,0.376
88,97,0.39
89,97,0.397
90,97,0.414
91,97,0.428
92,97,0.463
93,97,0.463
94,97,0.48
95,97,0.491
96,97,0.482
97,97,0.481
98,97,0.475
99,97,0.474
100,97,0.504
101,97,0.5
102,97,0.492
103,97,0.507
104,97,0.519
105,97,0.532
106,97,0.556
107,97,0.548
108,97,0.555
109,97,0.584
110,97,0.607
111,97,0.619
112,97,0.637
113,97,0.628
114,97,0.648
115,97,0.678
116,97,0.69
117,97,0.701
118,97,0.708
119,97,0.719
120,97,0.689
121,97,0.67
122,97,0.666
123,97,0.667
124,97,0.654
125,97,0.628
126,97,0.603
127,97,0.656
128,97,0.696
129,97,0.699
130,97,0.718
131,97,0.755
132,97,0.8
133,97,0.847
134,97,0.845
135,97,0.826
136,97,0.811
137,97,0.753
138,97,0.7
139,97,0.657
140,97,0.632
141,97,0.621
142,97,0.595
143,97,0.562
144,97,0.563
145,97,0.554
146,97,0.538
147,97,0.493
148,97,0.466
149,97,0.469
150,97,0.489
151,97,0.498
152,97,0.52
153,97,0.533
154,97,0.572
155,97,0.572
156,97,0.581
157,97,0.592
158,97,0.586
159,97,0.591
160,97,0.597
161,97,0.595
162,97,0.618
163,97,0.63
164,97,0.654
165,97,0.702
166,97,0.739
167,97,0.799
168,97,0.838
169,97,0.88
170,97,0.923
171,97,0.944
172,97,0.966
173,97,0.977
174,97,0.964
175,97,0.964
176,97,0.963
177,97,0.949
178,97,0.948
179,97,0.932
180,97,0.916
181,97,0.927
182,97,0.939
183,97,0.936
184,97,0.95
185,97,0.965
186,97,0.982
187,97,1.0
188,97,1.0
189,97,1.0
190,97,1.0
191,97,1.0
192,97,1.0
193,97,1.0
194,97,1.0
195,97,1.0
196,97,1.0
197,97,1.0
198,97,1.0
199,97,1.0
200,97,1.0
0,98,-0.978
1,98,-1.078
2,98,-1.134
3,98,-1.151
4,98,-1.333
5,98,-1.507
6,98,-1.728
7,98,-1.849
8,98,-2.071
9,98,-2.088
10,98,-2.3
11,98,-2.447
12,98,-2.553
13,98,-2.708
14,98,-2.539
15,98,-2.446
16,98,-2.326
17,98,-2.107
18,98,-1.869
19,98,-1.63
20,98,-1.389
21,98,-1.32
22,98,-1.132
23,98,-1.306
24,98,-1.446
25,98,-1.469
26,98,-1.461
27,98,-1.504
28,98,-1.57
29,98,-1.605
30,98,-1.474
31,98,-1.431
32,98,-1.447
33,98,-1.446
34,98,-1.333
35,98,-1.357
36,98,-1.43
37,98,-1.453
38,98,-1.258
39,98,-1.184
40,98,-1.184
41,98,-1.183
42,98,-1.12
43,98,-1.033
44,98,-1.002
45,98,-1.059
46,98,-1.024
47,98,-0.946
48,98,-0.912
49,98,-0.851
50,98,-0.744
51,98,-0.61
52,98,-0.468
53,98,-0.287
54,98,-0.135
55,98,-0.015
56,98,0.14
57,98,0.239
58,98,0.313
59,98,0.362
60,98,0.359
61,98,0.364
62,98,0.383
63,98,0.366
64,98,0.323
65,98,0.289
66,98,0.229
67,98,0.197
68,98,0.173
69,98,0.158
70,98,0.136
71,98,0.162
72,98,0.19
73,98,0.258
74,98,0.286
75,98,0.308
76,98,0.317
77,98,0.351
78,98,0.367
79,98,0.346
80,98,0.308
81,98,0.297
82,98,0.29
83,98,0.288
84,98,0.254
85,98,0.217
86,98,0.224
87,98,0.242
88,98,0.266
89,98,0.273
90,98,0.309
91,98,0.364
92,98,0.415
93,98,0.419
94,98,0.42
95,98,0.411
96,98,0.419
97,98,0.401
98,98,0.388
99,98,0.373
100,98,0.409
101,98,0.433
102,98,0.445
103,98,0.464
104,98,0.48
105,98,0.484
106,98,0.498
107,98,0.494
108,98,0.488
109,98,0.516
110,98,0.55
111,98,0.575
112,98,0.57
113,98,0.589
114,98,0.6
115,98,0.628
116,98,0.64
117,98,0.644
118,98,0.649
119,98,0.668
120,98,0.636
121,98,0.623
122,98,0.62
123,98,0.634
124,98,0.631
125,98,0.608
126,98,0.625
127,98,0.689
128,98,0.742
129,98,0.758
130,98,0.764
131,98,0.801
132,98,0.839
133,98,0.868
134,98,0.846
135,98,0.815
136,98,0.792
137,98,0.718
138,98,0.622
139,98,0.585
140,98,0.556
141,98,0.549
142,98,0.519
143,98,0.523
144,98,0.562
145,98,0.543
146,98,0.499
147,98,0.406
148,98,0.357
149,98,0.357
150,98,0.341
151,98,0.322
152,98,0.388
153,98,0.414
154,98,0.497
155,98,0.53
156,98,0.549
157,98,0.527
158,98,0.521
159,98,0.518
160,98,0.513
161,98,0.51
162,98,0.52
163,98,0.512
164,98,0.572
165,98,0.633
166,98,0.679
167,98,0.761
168,98,0.809
169,98,0.86
170,98,0.929
171,98,0.964
172,98,0.982
173,98,1.0
174,98,1.0
175,98,0.981
176,98,0.98
177,98,0.98
178,98,0.979
179,98,0.957
180,98,0.955
181,98,0.954
182,98,0.976
183,98,0.975
184,98,0.974
185,98,0.973
186,98,1.0
187,98,1.0
188,98,1.0
189,98,1.0
190,98,1.0
191,98,1.0
192,98,1.0
193,98,1.0
194,98,1.0
195,98,1.0
196,98,1.0
197,98,1.0
198,98,1.0
199,98,1.0
200,98,1.0
0,99,-2.004
1,99,-2.316
2,99,-2.226
3,99,-2.346
4,99,-2.424
5,99,-2.846
6,99,-3.408
7,99,-4.132
8,99,-5.28
9,99,-5.656
10,99,-6.259
11,99,-6.895
12,99,-7.068
13,99,-7.242
14,99,-6.903
15,99,-6.324
16,99,-5.843
17,99,-4.992
18,99,-4.149
19,99,-3.441
20,99,-3.013
21,99,-2.599
22,99,-1.983
23,99,-2.49
24,99,-2.838
25,99,-3.0
26,99,-3.29
27,99,-3.698
28,99,-3.955
29,99,-4.37
30,99,-4.311
31,99,-4.438
32,99,-4.393
33,99,-4.179
34,99,-3.636
35,99,-3.441
36,99,-3.171
37,99,-2.95
38,99,-2.534
39,99,-2.263
40,99,-2.399
41,99,-2.466
42,99,-2.314
43,99,-2.071
44,99,-1.866
45,99,-1.961
46,99,-2.1
47,99,-1.988
48,99,-2.0
49,99,-2.019
50,99,-1.867
51,99,-1.657
52,99,-1.306
53,99,-0.856
54,99,-0.525
55,99,-0.291
56,99,-0.087
57,99,0.011
58,99,0.05
59,99,0.084
60,99,-0.006
61,99,-0.043
62,99,-0.008
63,99,0.01
64,99,-0.026
65,99,-0.024
66,99,-0.117
67,99,-0.189
68,99,-0.226
69,99,-0.319
70,99,-0.397
71,99,-0.438
72,99,-0.445
73,99,-0.367
74,99,-0.286
75,99,-0.269
76,99,-0.192
77,99,-0.13
78,99,-0.082
79,99,-0.136
80,99,-0.167
81,99,-0.203
82,99,-0.186
83,99,-0.251
84,99,-0.315
85,99,-0.387
86,99,-0.339
87,99,-0.329
88,99,-0.26
89,99,-0.264
90,99,-0.198
91,99,-0.071
92,99,0.031
93,99,0.035
94,99,0.012
95,99,-0.006
96,99,0.044
97,99,0.083
98,99,0.059
99,99,0.023
100,99,0.085
101,99,0.162
102,99,0.205
103,99,0.26
104,99,0.282
105,99,0.329
106,99,0.423
107,99,0.434
108,99,0.464
109,99,0.497
110,99,0.529
111,99,0.58
112,99,0.576
113,99,0.573
114,99,0.589
115,99,0.603
116,99,0.638
117,99,0.633
118,99,0.61
119,99,0.601
120,99,0.613
121,99,0.609
122,99,0.564
123,99,0.536
124,99,0.533
125,99,0.57
126,99,0.612
127,99,0.655
128,99,0.695
129,99,0.779
130,99,0.822
131,99,0.865
132,99,0.886
133,99,0.931
134,99,0.86
135,99,0.836
136,99,0.789
137,99,0.669
138,99,0.549
139,99,0.423
140,99,0.34
141,99,0.354
142,99,0.32
143,99,0.283
144,99,0.299
145,99,0.261
146,99,0.225
147,99,0.08
148,99,-0.017
149,99,-0.097
150,99,-0.092
151,99,-0.154
152,99,-0.06
153,99,-0.026
154,99,0.101
155,99,0.177
156,99,0.194
157,99,0.112
158,99,0.138
159,99,0.097
160,99,0.161
161,99,0.195
162,99,0.183
163,99,0.245
164,99,0.383
165,99,0.487
166,99,0.556
167,99,0.626
168,99,0.697
169,99,0.809
170,99,0.884
171,99,0.922
172,99,0.96
173,99,1.0
174,99,1.0
175,99,0.957
176,99,0.957
177,99,0.956
178,99,0.954
179,99,0.906
180,99,0.904
181,99,0.9
182,99,0.948
183,99,0.946
184,99,0.944
185,99,0.942
186,99,1.0
187,99,1.0
188,99,1.0
189,99,1.0
190,99,1.0
191,99,1.0
192,99,1.0
193,99,1.0
194,99,1.0
195,99,1.0
196,99,1.0
197,99,1.0
198,99,1.0
199,99,1.0
200,99,1.0
